-- _____________________________________________________________________________PROGRAMS______________________________________________________________________________

DELETE FROM PROGRAM WHERE program_id<1000;
INSERT INTO `PROGRAM` (`program_id`, `program_name`, `program_address`) VALUES (1, 'PROGRAM1', 'ADDRESS1');
INSERT INTO `PROGRAM` (`program_id`, `program_name`, `program_address`) VALUES (2, 'PROGRAM2', 'ADDRESS2');
INSERT INTO `PROGRAM` (`program_id`, `program_name`, `program_address`) VALUES (3, 'PROGRAM3', 'ADDRESS3');
INSERT INTO `PROGRAM` (`program_id`, `program_name`, `program_address`) VALUES (4, 'PROGRAM4', 'ADDRESS4');
INSERT INTO `PROGRAM` (`program_id`, `program_name`, `program_address`) VALUES (5, 'PROGRAM5', 'ADDRESS5');
INSERT INTO `PROGRAM` (`program_id`, `program_name`, `program_address`) VALUES (6, 'PROGRAM6', 'ADDRESS6');
INSERT INTO `PROGRAM` (`program_id`, `program_name`, `program_address`) VALUES (7, 'PROGRAM7', 'ADDRESS7');
INSERT INTO `PROGRAM` (`program_id`, `program_name`, `program_address`) VALUES (8, 'PROGRAM8', 'ADDRESS8');
INSERT INTO `PROGRAM` (`program_id`, `program_name`, `program_address`) VALUES (9, 'PROGRAM9', 'ADDRESS9');
INSERT INTO `PROGRAM` (`program_id`, `program_name`, `program_address`) VALUES (10, 'PROGRAM10', 'ADDRESS10');
INSERT INTO `PROGRAM` (`program_id`, `program_name`, `program_address`) VALUES (11, 'PROGRAM11', 'ADDRESS11');
INSERT INTO `PROGRAM` (`program_id`, `program_name`, `program_address`) VALUES (12, 'PROGRAM12', 'ADDRESS12');
INSERT INTO `PROGRAM` (`program_id`, `program_name`, `program_address`) VALUES (13, 'PROGRAM13', 'ADDRESS13');
INSERT INTO `PROGRAM` (`program_id`, `program_name`, `program_address`) VALUES (14, 'PROGRAM14', 'ADDRESS14');
INSERT INTO `PROGRAM` (`program_id`, `program_name`, `program_address`) VALUES (15, 'PROGRAM15', 'ADDRESS15');
INSERT INTO `PROGRAM` (`program_id`, `program_name`, `program_address`) VALUES (16, 'PROGRAM16', 'ADDRESS16');
INSERT INTO `PROGRAM` (`program_id`, `program_name`, `program_address`) VALUES (17, 'PROGRAM17', 'ADDRESS17');
INSERT INTO `PROGRAM` (`program_id`, `program_name`, `program_address`) VALUES (18, 'PROGRAM18', 'ADDRESS18');
INSERT INTO `PROGRAM` (`program_id`, `program_name`, `program_address`) VALUES (19, 'PROGRAM19', 'ADDRESS19');
INSERT INTO `PROGRAM` (`program_id`, `program_name`, `program_address`) VALUES (20, 'PROGRAM20', 'ADDRESS20');
INSERT INTO `PROGRAM` (`program_id`, `program_name`, `program_address`) VALUES (21, 'PROGRAM21', 'ADDRESS21');
INSERT INTO `PROGRAM` (`program_id`, `program_name`, `program_address`) VALUES (22, 'PROGRAM22', 'ADDRESS22');
INSERT INTO `PROGRAM` (`program_id`, `program_name`, `program_address`) VALUES (23, 'PROGRAM23', 'ADDRESS23');
INSERT INTO `PROGRAM` (`program_id`, `program_name`, `program_address`) VALUES (24, 'PROGRAM24', 'ADDRESS24');
INSERT INTO `PROGRAM` (`program_id`, `program_name`, `program_address`) VALUES (25, 'PROGRAM25', 'ADDRESS25');
INSERT INTO `PROGRAM` (`program_id`, `program_name`, `program_address`) VALUES (26, 'PROGRAM26', 'ADDRESS26');
INSERT INTO `PROGRAM` (`program_id`, `program_name`, `program_address`) VALUES (27, 'PROGRAM27', 'ADDRESS27');
INSERT INTO `PROGRAM` (`program_id`, `program_name`, `program_address`) VALUES (28, 'PROGRAM28', 'ADDRESS28');
INSERT INTO `PROGRAM` (`program_id`, `program_name`, `program_address`) VALUES (29, 'PROGRAM29', 'ADDRESS29');
INSERT INTO `PROGRAM` (`program_id`, `program_name`, `program_address`) VALUES (30, 'PROGRAM30', 'ADDRESS30');
INSERT INTO `PROGRAM` (`program_id`, `program_name`, `program_address`) VALUES (31, 'PROGRAM31', 'ADDRESS31');
INSERT INTO `PROGRAM` (`program_id`, `program_name`, `program_address`) VALUES (32, 'PROGRAM32', 'ADDRESS32');
INSERT INTO `PROGRAM` (`program_id`, `program_name`, `program_address`) VALUES (33, 'PROGRAM33', 'ADDRESS33');
INSERT INTO `PROGRAM` (`program_id`, `program_name`, `program_address`) VALUES (34, 'PROGRAM34', 'ADDRESS34');
INSERT INTO `PROGRAM` (`program_id`, `program_name`, `program_address`) VALUES (35, 'PROGRAM35', 'ADDRESS35');
INSERT INTO `PROGRAM` (`program_id`, `program_name`, `program_address`) VALUES (36, 'PROGRAM36', 'ADDRESS36');
INSERT INTO `PROGRAM` (`program_id`, `program_name`, `program_address`) VALUES (37, 'PROGRAM37', 'ADDRESS37');
INSERT INTO `PROGRAM` (`program_id`, `program_name`, `program_address`) VALUES (38, 'PROGRAM38', 'ADDRESS38');
INSERT INTO `PROGRAM` (`program_id`, `program_name`, `program_address`) VALUES (39, 'PROGRAM39', 'ADDRESS39');
INSERT INTO `PROGRAM` (`program_id`, `program_name`, `program_address`) VALUES (40, 'PROGRAM40', 'ADDRESS40');

-- _____________________________________________________________________________EXECUTIVES______________________________________________________________________________

DELETE FROM EXECUTIVE WHERE executive_id<1000;
INSERT INTO `EXECUTIVE` (`executive_id`, `executive_name`, `executive_surname`) VALUES (1, 'Oma', 'Hickle');
INSERT INTO `EXECUTIVE` (`executive_id`, `executive_name`, `executive_surname`) VALUES (2, 'Eleanore', 'O\'Conner');
INSERT INTO `EXECUTIVE` (`executive_id`, `executive_name`, `executive_surname`) VALUES (3, 'Cody', 'Gislason');
INSERT INTO `EXECUTIVE` (`executive_id`, `executive_name`, `executive_surname`) VALUES (4, 'Kenyatta', 'Hagenes');
INSERT INTO `EXECUTIVE` (`executive_id`, `executive_name`, `executive_surname`) VALUES (5, 'Bernadine', 'Abernathy');
INSERT INTO `EXECUTIVE` (`executive_id`, `executive_name`, `executive_surname`) VALUES (6, 'Blanche', 'Wehner');
INSERT INTO `EXECUTIVE` (`executive_id`, `executive_name`, `executive_surname`) VALUES (7, 'Jacquelyn', 'Rowe');
INSERT INTO `EXECUTIVE` (`executive_id`, `executive_name`, `executive_surname`) VALUES (8, 'Brad', 'Halvorson');
INSERT INTO `EXECUTIVE` (`executive_id`, `executive_name`, `executive_surname`) VALUES (9, 'Brock', 'Donnelly');
INSERT INTO `EXECUTIVE` (`executive_id`, `executive_name`, `executive_surname`) VALUES (10, 'Demario', 'Jaskolski');
INSERT INTO `EXECUTIVE` (`executive_id`, `executive_name`, `executive_surname`) VALUES (11, 'Luna', 'Paucek');
INSERT INTO `EXECUTIVE` (`executive_id`, `executive_name`, `executive_surname`) VALUES (12, 'Tess', 'Gislason');
INSERT INTO `EXECUTIVE` (`executive_id`, `executive_name`, `executive_surname`) VALUES (13, 'Prince', 'Lubowitz');
INSERT INTO `EXECUTIVE` (`executive_id`, `executive_name`, `executive_surname`) VALUES (14, 'Katharina', 'Rath');
INSERT INTO `EXECUTIVE` (`executive_id`, `executive_name`, `executive_surname`) VALUES (15, 'Uriel', 'O\'Connell');
INSERT INTO `EXECUTIVE` (`executive_id`, `executive_name`, `executive_surname`) VALUES (16, 'Jaylan', 'Crooks');
INSERT INTO `EXECUTIVE` (`executive_id`, `executive_name`, `executive_surname`) VALUES (17, 'Enoch', 'Hessel');
INSERT INTO `EXECUTIVE` (`executive_id`, `executive_name`, `executive_surname`) VALUES (18, 'Oral', 'Littel');
INSERT INTO `EXECUTIVE` (`executive_id`, `executive_name`, `executive_surname`) VALUES (19, 'Clement', 'Wunsch');
INSERT INTO `EXECUTIVE` (`executive_id`, `executive_name`, `executive_surname`) VALUES (20, 'Geo', 'Crooks');
INSERT INTO `EXECUTIVE` (`executive_id`, `executive_name`, `executive_surname`) VALUES (21, 'Emilia', 'Russel');
INSERT INTO `EXECUTIVE` (`executive_id`, `executive_name`, `executive_surname`) VALUES (22, 'Peter', 'Simonis');
INSERT INTO `EXECUTIVE` (`executive_id`, `executive_name`, `executive_surname`) VALUES (23, 'Merl', 'Senger');
INSERT INTO `EXECUTIVE` (`executive_id`, `executive_name`, `executive_surname`) VALUES (24, 'Khalid', 'Sanford');
INSERT INTO `EXECUTIVE` (`executive_id`, `executive_name`, `executive_surname`) VALUES (25, 'Abraham', 'Daugherty');
INSERT INTO `EXECUTIVE` (`executive_id`, `executive_name`, `executive_surname`) VALUES (26, 'Cameron', 'Wilderman');
INSERT INTO `EXECUTIVE` (`executive_id`, `executive_name`, `executive_surname`) VALUES (27, 'Bridie', 'Friesen');
INSERT INTO `EXECUTIVE` (`executive_id`, `executive_name`, `executive_surname`) VALUES (28, 'Gia', 'Casper');
INSERT INTO `EXECUTIVE` (`executive_id`, `executive_name`, `executive_surname`) VALUES (29, 'Clarissa', 'Homenick');
INSERT INTO `EXECUTIVE` (`executive_id`, `executive_name`, `executive_surname`) VALUES (30, 'Jarvis', 'Fay');

-- _____________________________________________________________________________ORGANIZATIONS______________________________________________________________________________
DELETE FROM ORGANIZATION WHERE organization_id<1000;
INSERT INTO `ORGANIZATION` (`organization_id`, `acronym`, `name`, `postal_code`, `street`, `city`, `genre`) VALUES (1, 'UM', 'University of Mcedonia', '51707-4551', '76549 Volkman Drives', 'South Arvelfurt', 'University');
INSERT INTO `ORGANIZATION` (`organization_id`, `acronym`, `name`, `postal_code`, `street`, `city`, `genre`) VALUES (2, 'UI', 'University of Ioannina', '11010', '79800 Krajcik Rue', 'Port Stephany', 'University');
INSERT INTO `ORGANIZATION` (`organization_id`, `acronym`, `name`, `postal_code`, `street`, `city`, `genre`) VALUES (3, 'UC', 'University of Crete', '26077-4509', '60479 Scarlett Valleys', 'Freidamouth', 'University');
INSERT INTO `ORGANIZATION` (`organization_id`, `acronym`, `name`, `postal_code`, `street`, `city`, `genre`) VALUES (4, 'UA', 'University of the Agean', '04790-5123', '637 Veronica Street Suite 475', 'South Gladycestad', 'University');
INSERT INTO `ORGANIZATION` (`organization_id`, `acronym`, `name`, `postal_code`, `street`, `city`, `genre`) VALUES (5, 'PU', 'Panteion University', '55656-4580', '602 Gleason Ramp Apt. 915', 'North Carachester', 'University');
INSERT INTO `ORGANIZATION` (`organization_id`, `acronym`, `name`, `postal_code`, `street`, `city`, `genre`) VALUES (6, 'IU', 'Ionian University', '72476', '6074 Goyette Islands Suite 708', 'Port Wilmaport', 'University');
INSERT INTO `ORGANIZATION` (`organization_id`, `acronym`, `name`, `postal_code`, `street`, `city`, `genre`) VALUES (7, 'IHU', 'International Hellenic University', '95805-2051', '7574 Osinski Dale Apt. 591', 'Port Moseston', 'University');
INSERT INTO `ORGANIZATION` (`organization_id`, `acronym`, `name`, `postal_code`, `street`, `city`, `genre`) VALUES (8, 'HOU', 'Hellenic Open University', '86329-0404', '99185 Margarett Inlet', 'South Teagan', 'University');
INSERT INTO `ORGANIZATION` (`organization_id`, `acronym`, `name`, `postal_code`, `street`, `city`, `genre`) VALUES (9, 'NKUA', 'National Kapodistrian', '70221-5726', '9059 Davis Ports', 'Lake Rickeyfort', 'University');
INSERT INTO `ORGANIZATION` (`organization_id`, `acronym`, `name`, `postal_code`, `street`, `city`, `genre`) VALUES (10, 'NTUA', 'Metsovio', '53288', '31476 Raynor Crescent', 'South Wilmer', 'University');
INSERT INTO `ORGANIZATION` (`organization_id`, `acronym`, `name`, `postal_code`, `street`, `city`, `genre`) VALUES (11, 'ASFA', 'Fine Arts', '40119-9616', '70179 Dibbert Dam', 'Greenfeldershire', 'University');
INSERT INTO `ORGANIZATION` (`organization_id`, `acronym`, `name`, `postal_code`, `street`, `city`, `genre`) VALUES (12, 'AUA', 'Agricaltural', '57163', '80190 Streich Stravenue Suite 822', 'West Cecile', 'University');
INSERT INTO `ORGANIZATION` (`organization_id`, `acronym`, `name`, `postal_code`, `street`, `city`, `genre`) VALUES (13, 'UWA', 'West Attica', '34610-4499', '420 Reginald Plaza', 'South Treva', 'University');
INSERT INTO `ORGANIZATION` (`organization_id`, `acronym`, `name`, `postal_code`, `street`, `city`, `genre`) VALUES (14, 'AUTH', 'Aristotely', '46241-8614', '36991 Mya Inlet', 'Port Beryl', 'University');
INSERT INTO `ORGANIZATION` (`organization_id`, `acronym`, `name`, `postal_code`, `street`, `city`, `genre`) VALUES (15, 'AUEB', 'Business University', '15751', '803 Johathan Meadow', 'West Shea', 'University');
INSERT INTO `ORGANIZATION` (`organization_id`, `acronym`, `name`, `postal_code`, `street`, `city`, `genre`) VALUES (16, 'KHHX', 'Company1', '11941', '2439 Ratke Union', 'North Amiya', 'Company');
INSERT INTO `ORGANIZATION` (`organization_id`, `acronym`, `name`, `postal_code`, `street`, `city`, `genre`) VALUES (17, 'HGCN', 'Company2', '53054', '01846 Gibson Passage Suite 565', 'Port Jacquesstad', 'Company');
INSERT INTO `ORGANIZATION` (`organization_id`, `acronym`, `name`, `postal_code`, `street`, `city`, `genre`) VALUES (18, 'JGC', 'Company3', '05203', '5152 Schneider Springs Suite 808', 'Hilarioborough', 'Company');
INSERT INTO `ORGANIZATION` (`organization_id`, `acronym`, `name`, `postal_code`, `street`, `city`, `genre`) VALUES (19, 'KHGX', 'Company4', '52238', '66093 Kuvalis Isle', 'Feeneymouth', 'Company');
INSERT INTO `ORGANIZATION` (`organization_id`, `acronym`, `name`, `postal_code`, `street`, `city`, `genre`) VALUES (20, 'KJHVNHX', 'Company5', '02316', '067 Sigurd Lake', 'Lake Medashire', 'Company');
INSERT INTO `ORGANIZATION` (`organization_id`, `acronym`, `name`, `postal_code`, `street`, `city`, `genre`) VALUES (21, 'KHCJX', 'Company6', '59225-9903', '1589 Durgan Forges Suite 505', 'Pansyside', 'Company');
INSERT INTO `ORGANIZATION` (`organization_id`, `acronym`, `name`, `postal_code`, `street`, `city`, `genre`) VALUES (22, 'JGX', 'Company7', '02788', '8815 Bayer Drives Suite 064', 'New Annalisefort', 'Company');
INSERT INTO `ORGANIZATION` (`organization_id`, `acronym`, `name`, `postal_code`, `street`, `city`, `genre`) VALUES (23, 'NGVCN', 'Company8', '31947-0770', '7801 Patrick Wells', 'Garfieldshire', 'Company');
INSERT INTO `ORGANIZATION` (`organization_id`, `acronym`, `name`, `postal_code`, `street`, `city`, `genre`) VALUES (24, 'JGC', 'Company9', '75716-4612', '67384 Madonna Place Apt. 957', 'West Moriahshire', 'Company');
INSERT INTO `ORGANIZATION` (`organization_id`, `acronym`, `name`, `postal_code`, `street`, `city`, `genre`) VALUES (25, 'HGC', 'Company10', '03729-5044', '060 Winston Ramp', 'Piperburgh', 'Company');
INSERT INTO `ORGANIZATION` (`organization_id`, `acronym`, `name`, `postal_code`, `street`, `city`, `genre`) VALUES (26, 'SHDF', 'Company11', '29169', '7270 Jaqueline Highway', 'West Lula', 'Company');
INSERT INTO `ORGANIZATION` (`organization_id`, `acronym`, `name`, `postal_code`, `street`, `city`, `genre`) VALUES (27, 'SDFNB', 'Company12', '06533-6529', '0144 Lamar Walk Suite 682', 'Annamariefort', 'Company');
INSERT INTO `ORGANIZATION` (`organization_id`, `acronym`, `name`, `postal_code`, `street`, `city`, `genre`) VALUES (28, 'SDFHB', 'Company13', '83458-3150', '846 Lilyan Valley', 'West Loraine', 'Company');
INSERT INTO `ORGANIZATION` (`organization_id`, `acronym`, `name`, `postal_code`, `street`, `city`, `genre`) VALUES (29, 'SEJFHV', 'Company14', '78832-8825', '8499 Alek Divide Apt. 474', 'Littleburgh', 'Company');
INSERT INTO `ORGANIZATION` (`organization_id`, `acronym`, `name`, `postal_code`, `street`, `city`, `genre`) VALUES (30, 'JSDHF', 'Company15', '99314-7120', '4320 Stella Walk', 'West Quentin', 'Company');
INSERT INTO `ORGANIZATION` (`organization_id`, `acronym`, `name`, `postal_code`, `street`, `city`, `genre`) VALUES (31, 'YIKFJC', 'COALITION EPIDEMIC PREPAREDNESS INNOVATION', '49001', '21168 Dylan Path', 'Spencermouth', 'Research Centre');
INSERT INTO `ORGANIZATION` (`organization_id`, `acronym`, `name`, `postal_code`, `street`, `city`, `genre`) VALUES (32, 'KUJC', 'KAROLINSKA INSTITUTE', '14872-6723', '1291 Ruecker Shoals', 'Port Fredrick', 'Research Centre');
INSERT INTO `ORGANIZATION` (`organization_id`, `acronym`, `name`, `postal_code`, `street`, `city`, `genre`) VALUES (33, 'KJVJGC', 'ETHNIKO KENTRO EREVNAS KAI  ANAPTYXIS', '00444-5353', '9139 Hosea Ridge', 'Bergnaumberg', 'Research Centre');
INSERT INTO `ORGANIZATION` (`organization_id`, `acronym`, `name`, `postal_code`, `street`, `city`, `genre`) VALUES (34, 'KHJJC', 'INTERUNIVERSITAIR ELECTRONICA CENTRUM', '68130-0063', '7729 Favian Circle Suite 744', 'North Joany', 'Research Centre');
INSERT INTO `ORGANIZATION` (`organization_id`, `acronym`, `name`, `postal_code`, `street`, `city`, `genre`) VALUES (35, 'OUGC', 'THALES', '86321-2183', '183 Nienow Green Apt. 920', 'Skilesstad', 'Research Centre');
INSERT INTO `ORGANIZATION` (`organization_id`, `acronym`, `name`, `postal_code`, `street`, `city`, `genre`) VALUES (36, 'JH', 'FORSCHUNGSZENTRUM JULICH', '92981', '21951 Dickens Station Suite 904', 'West Nicolette', 'Research Centre');
INSERT INTO `ORGANIZATION` (`organization_id`, `acronym`, `name`, `postal_code`, `street`, `city`, `genre`) VALUES (37, 'SJLFN', 'FOUNDATION FOR RESEARCH AND TECHNOLOGY HELLAS', '14360-0814', '17300 Ethan Heights Apt. 522', 'Nadiabury', 'Research Centre');
INSERT INTO `ORGANIZATION` (`organization_id`, `acronym`, `name`, `postal_code`, `street`, `city`, `genre`) VALUES (38, 'ACAB', 'INSTITUTE OF COMMUNICATION SYSTEMS', '15750-5677', '97286 Trycia Hills', 'New Jodyfort', 'Research Centre');
INSERT INTO `ORGANIZATION` (`organization_id`, `acronym`, `name`, `postal_code`, `street`, `city`, `genre`) VALUES (39, 'KJAB', 'AUSTRIAN RESEARCH CENTERS SIEBERDORF', '62466', '5425 Dorothea Skyway Suite 277', 'Krajcikview', 'Research Centre');
INSERT INTO `ORGANIZATION` (`organization_id`, `acronym`, `name`, `postal_code`, `street`, `city`, `genre`) VALUES (40, 'SJH', 'LEONARDO SOCIETA PER AZIONI', '54738-7833', '54927 Braun Dale Apt. 403', 'South Kieraport', 'Research Centre');
INSERT INTO `ORGANIZATION` (`organization_id`, `acronym`, `name`, `postal_code`, `street`, `city`, `genre`) VALUES (41, 'XNBFV', 'INSTITUT NATIONAL DE LA SANTE ', '77385', '3726 Leif Plaza', 'Alexandriaside', 'Research Centre');
INSERT INTO `ORGANIZATION` (`organization_id`, `acronym`, `name`, `postal_code`, `street`, `city`, `genre`) VALUES (42, 'WIUR', 'CONSEJO SUPERIOR DE INVESTIGACIONE', '07824-4130', '009 Marcia Parks', 'Marquardtview', 'Research Centre');
INSERT INTO `ORGANIZATION` (`organization_id`, `acronym`, `name`, `postal_code`, `street`, `city`, `genre`) VALUES (43, 'JGHV', 'CONSIGLIO NAZIONALE DELLE RICERCHE', '21406', '04988 Mertz Vista', 'Klingmouth', 'Research Centre');
INSERT INTO `ORGANIZATION` (`organization_id`, `acronym`, `name`, `postal_code`, `street`, `city`, `genre`) VALUES (44, 'GVJ', 'COMMISSARIAT A LENERGIE ATOMIQUE', '67990-3020', '17550 Cordelia Wall Apt. 183', 'West Aimee', 'Research Centre');
INSERT INTO `ORGANIZATION` (`organization_id`, `acronym`, `name`, `postal_code`, `street`, `city`, `genre`) VALUES (45, 'JHVJ', 'CENTRE NATIONAL DE LA RECHERCHE', '62672', '374 Reynolds Extensions', 'Aronton', 'Research Centre');

-- _____________________________________________________________________________ORGANIZATION_PHONES______________________________________________________________________________
DELETE FROM ORGANIZATION_PHONE WHERE organization_id<1000;
INSERT INTO `ORGANIZATION_PHONE` (`phone_number`, `organization_id`) VALUES ('76387538745', 1);
INSERT INTO `ORGANIZATION_PHONE` (`phone_number`, `organization_id`) VALUES ('4198783454', 2);
INSERT INTO `ORGANIZATION_PHONE` (`phone_number`, `organization_id`) VALUES ('44335662', 3);
INSERT INTO `ORGANIZATION_PHONE` (`phone_number`, `organization_id`) VALUES ('722129', 4);
INSERT INTO `ORGANIZATION_PHONE` (`phone_number`, `organization_id`) VALUES ('3325353', 5);
INSERT INTO `ORGANIZATION_PHONE` (`phone_number`, `organization_id`) VALUES ('463545348', 6);
INSERT INTO `ORGANIZATION_PHONE` (`phone_number`, `organization_id`) VALUES ('34531', 7);
INSERT INTO `ORGANIZATION_PHONE` (`phone_number`, `organization_id`) VALUES ('150530', 8);
INSERT INTO `ORGANIZATION_PHONE` (`phone_number`, `organization_id`) VALUES ('345641', 9);
INSERT INTO `ORGANIZATION_PHONE` (`phone_number`, `organization_id`) VALUES ('0343443', 10);
INSERT INTO `ORGANIZATION_PHONE` (`phone_number`, `organization_id`) VALUES ('34534351', 11);
INSERT INTO `ORGANIZATION_PHONE` (`phone_number`, `organization_id`) VALUES ('6223434184', 12);
INSERT INTO `ORGANIZATION_PHONE` (`phone_number`, `organization_id`) VALUES ('345387541', 13);
INSERT INTO `ORGANIZATION_PHONE` (`phone_number`, `organization_id`) VALUES ('943980', 14);
INSERT INTO `ORGANIZATION_PHONE` (`phone_number`, `organization_id`) VALUES ('13453453', 15);
INSERT INTO `ORGANIZATION_PHONE` (`phone_number`, `organization_id`) VALUES ('3625921852', 16);
INSERT INTO `ORGANIZATION_PHONE` (`phone_number`, `organization_id`) VALUES ('817310', 17);
INSERT INTO `ORGANIZATION_PHONE` (`phone_number`, `organization_id`) VALUES ('1345345', 18);
INSERT INTO `ORGANIZATION_PHONE` (`phone_number`, `organization_id`) VALUES ('285982', 19);
INSERT INTO `ORGANIZATION_PHONE` (`phone_number`, `organization_id`) VALUES ('034534534', 20);
INSERT INTO `ORGANIZATION_PHONE` (`phone_number`, `organization_id`) VALUES ('986240', 21);
INSERT INTO `ORGANIZATION_PHONE` (`phone_number`, `organization_id`) VALUES ('345765341', 22);
INSERT INTO `ORGANIZATION_PHONE` (`phone_number`, `organization_id`) VALUES ('12345344', 23);
INSERT INTO `ORGANIZATION_PHONE` (`phone_number`, `organization_id`) VALUES ('675605', 24);
INSERT INTO `ORGANIZATION_PHONE` (`phone_number`, `organization_id`) VALUES ('0345345342', 25);
INSERT INTO `ORGANIZATION_PHONE` (`phone_number`, `organization_id`) VALUES ('14232342', 26);
INSERT INTO `ORGANIZATION_PHONE` (`phone_number`, `organization_id`) VALUES ('45345453240', 27);
INSERT INTO `ORGANIZATION_PHONE` (`phone_number`, `organization_id`) VALUES ('68942342', 28);
INSERT INTO `ORGANIZATION_PHONE` (`phone_number`, `organization_id`) VALUES ('243231', 29);
INSERT INTO `ORGANIZATION_PHONE` (`phone_number`, `organization_id`) VALUES ('423253341', 30);
INSERT INTO `ORGANIZATION_PHONE` (`phone_number`, `organization_id`) VALUES ('480516', 31);
INSERT INTO `ORGANIZATION_PHONE` (`phone_number`, `organization_id`) VALUES ('75464530', 32);
INSERT INTO `ORGANIZATION_PHONE` (`phone_number`, `organization_id`) VALUES ('7675740', 33);
INSERT INTO `ORGANIZATION_PHONE` (`phone_number`, `organization_id`) VALUES ('64053452', 34);
INSERT INTO `ORGANIZATION_PHONE` (`phone_number`, `organization_id`) VALUES ('9515935798', 35);
INSERT INTO `ORGANIZATION_PHONE` (`phone_number`, `organization_id`) VALUES ('0345345235', 36);
INSERT INTO `ORGANIZATION_PHONE` (`phone_number`, `organization_id`) VALUES ('43563450', 37);
INSERT INTO `ORGANIZATION_PHONE` (`phone_number`, `organization_id`) VALUES ('5343451', 38);
INSERT INTO `ORGANIZATION_PHONE` (`phone_number`, `organization_id`) VALUES ('134542', 39);
INSERT INTO `ORGANIZATION_PHONE` (`phone_number`, `organization_id`) VALUES ('87235352', 40);
INSERT INTO `ORGANIZATION_PHONE` (`phone_number`, `organization_id`) VALUES ('123423', 41);
INSERT INTO `ORGANIZATION_PHONE` (`phone_number`, `organization_id`) VALUES ('935645264', 42);
INSERT INTO `ORGANIZATION_PHONE` (`phone_number`, `organization_id`) VALUES ('429211', 43);
INSERT INTO `ORGANIZATION_PHONE` (`phone_number`, `organization_id`) VALUES ('447686', 44);
INSERT INTO `ORGANIZATION_PHONE` (`phone_number`, `organization_id`) VALUES ('06785684', 45);


DELETE FROM UNIVERSITY WHERE organization_id<1000;
INSERT INTO `UNIVERSITY` (`university_id`, `ministry_budget`, `organization_id`) VALUES (1, 632246, 1);
INSERT INTO `UNIVERSITY` (`university_id`, `ministry_budget`, `organization_id`) VALUES (2, 609095, 2);
INSERT INTO `UNIVERSITY` (`university_id`, `ministry_budget`, `organization_id`) VALUES (3, 507662, 3);
INSERT INTO `UNIVERSITY` (`university_id`, `ministry_budget`, `organization_id`) VALUES (4, 851620, 4);
INSERT INTO `UNIVERSITY` (`university_id`, `ministry_budget`, `organization_id`) VALUES (5, 180598, 5);
INSERT INTO `UNIVERSITY` (`university_id`, `ministry_budget`, `organization_id`) VALUES (6, 695357, 6);
INSERT INTO `UNIVERSITY` (`university_id`, `ministry_budget`, `organization_id`) VALUES (7, 996814, 7);
INSERT INTO `UNIVERSITY` (`university_id`, `ministry_budget`, `organization_id`) VALUES (8, 20077, 8);
INSERT INTO `UNIVERSITY` (`university_id`, `ministry_budget`, `organization_id`) VALUES (9, 214297, 9);
INSERT INTO `UNIVERSITY` (`university_id`, `ministry_budget`, `organization_id`) VALUES (10, 522814, 10);
INSERT INTO `UNIVERSITY` (`university_id`, `ministry_budget`, `organization_id`) VALUES (11, 641352, 11);
INSERT INTO `UNIVERSITY` (`university_id`, `ministry_budget`, `organization_id`) VALUES (12, 154808, 12);
INSERT INTO `UNIVERSITY` (`university_id`, `ministry_budget`, `organization_id`) VALUES (13, 732768, 13);
INSERT INTO `UNIVERSITY` (`university_id`, `ministry_budget`, `organization_id`) VALUES (14, 727307, 14);
INSERT INTO `UNIVERSITY` (`university_id`, `ministry_budget`, `organization_id`) VALUES (15, 621241, 15);

DELETE FROM COMPANY WHERE organization_id<1000;
INSERT INTO `COMPANY` (`company_id`, `company_budget`, `organization_id`) VALUES (1, 632246, 16);
INSERT INTO `COMPANY` (`company_id`, `company_budget`, `organization_id`) VALUES (2, 609095, 17);
INSERT INTO `COMPANY` (`company_id`, `company_budget`, `organization_id`) VALUES (3, 507662, 18);
INSERT INTO `COMPANY` (`company_id`, `company_budget`, `organization_id`) VALUES (4, 851620, 19);
INSERT INTO `COMPANY` (`company_id`, `company_budget`, `organization_id`) VALUES (5, 180598, 20);
INSERT INTO `COMPANY` (`company_id`, `company_budget`, `organization_id`) VALUES (6, 695357, 21);
INSERT INTO `COMPANY` (`company_id`, `company_budget`, `organization_id`) VALUES (7, 996814, 22);
INSERT INTO `COMPANY` (`company_id`, `company_budget`, `organization_id`) VALUES (8, 20077, 23);
INSERT INTO `COMPANY` (`company_id`, `company_budget`, `organization_id`) VALUES (9, 214297, 24);
INSERT INTO `COMPANY` (`company_id`, `company_budget`, `organization_id`) VALUES (10, 522814, 25);
INSERT INTO `COMPANY` (`company_id`, `company_budget`, `organization_id`) VALUES (11, 641352, 26);
INSERT INTO `COMPANY` (`company_id`, `company_budget`, `organization_id`) VALUES (12, 154808, 27);
INSERT INTO `COMPANY` (`company_id`, `company_budget`, `organization_id`) VALUES (13, 732768, 28);
INSERT INTO `COMPANY` (`company_id`, `company_budget`, `organization_id`) VALUES (14, 727307, 29);
INSERT INTO `COMPANY` (`company_id`, `company_budget`, `organization_id`) VALUES (15, 621241, 30);

DELETE FROM RESEARCH_CENTER WHERE organization_id<1000;
INSERT INTO `RESEARCH_CENTER` (`research_center_id`, `ministry_budget`, `center_budget`, `organization_id`) VALUES (1, 828733, 3039584, 31);
INSERT INTO `RESEARCH_CENTER` (`research_center_id`, `ministry_budget`, `center_budget`, `organization_id`) VALUES (2, 540947, 1018823, 32);
INSERT INTO `RESEARCH_CENTER` (`research_center_id`, `ministry_budget`, `center_budget`, `organization_id`) VALUES (3, 45910, 3839891, 33);
INSERT INTO `RESEARCH_CENTER` (`research_center_id`, `ministry_budget`, `center_budget`, `organization_id`) VALUES (4, 657707, 2303842, 34);
INSERT INTO `RESEARCH_CENTER` (`research_center_id`, `ministry_budget`, `center_budget`, `organization_id`) VALUES (5, 298266, 9305877, 35);
INSERT INTO `RESEARCH_CENTER` (`research_center_id`, `ministry_budget`, `center_budget`, `organization_id`) VALUES (6, 85835, 5008216, 36);
INSERT INTO `RESEARCH_CENTER` (`research_center_id`, `ministry_budget`, `center_budget`, `organization_id`) VALUES (7, 162970, 4135460, 37);
INSERT INTO `RESEARCH_CENTER` (`research_center_id`, `ministry_budget`, `center_budget`, `organization_id`) VALUES (8, 547325, 7359589, 38);
INSERT INTO `RESEARCH_CENTER` (`research_center_id`, `ministry_budget`, `center_budget`, `organization_id`) VALUES (9, 461564, 7380640, 39);
INSERT INTO `RESEARCH_CENTER` (`research_center_id`, `ministry_budget`, `center_budget`, `organization_id`) VALUES (10, 849601, 9438118, 40);
INSERT INTO `RESEARCH_CENTER` (`research_center_id`, `ministry_budget`, `center_budget`, `organization_id`) VALUES (11, 909474, 1442059, 41);
INSERT INTO `RESEARCH_CENTER` (`research_center_id`, `ministry_budget`, `center_budget`, `organization_id`) VALUES (12, 457705, 1369288, 42);
INSERT INTO `RESEARCH_CENTER` (`research_center_id`, `ministry_budget`, `center_budget`, `organization_id`) VALUES (13, 101562, 1412396, 43);
INSERT INTO `RESEARCH_CENTER` (`research_center_id`, `ministry_budget`, `center_budget`, `organization_id`) VALUES (14, 799431, 6048174, 44);
INSERT INTO `RESEARCH_CENTER` (`research_center_id`, `ministry_budget`, `center_budget`, `organization_id`) VALUES (15, 821438, 3787139, 45);


DELETE FROM RESEARCHER WHERE organization_id<10000;
INSERT INTO `RESEARCHER` (`researcher_id`, `name`, `surname`, `gender`, `birth_date`, `recruitment_date`, `organization_id`) VALUES (36, 'Junior', 'Schuppe', 'Male', '1973-07-14', '1994-08-11', 1);
INSERT INTO `RESEARCHER` (`researcher_id`, `name`, `surname`, `gender`, `birth_date`, `recruitment_date`, `organization_id`) VALUES (37, 'Durward', 'Carroll', 'Male', '1986-04-27', '2021-06-03', 1);
INSERT INTO `RESEARCHER` (`researcher_id`, `name`, `surname`, `gender`, `birth_date`, `recruitment_date`, `organization_id`) VALUES (38, 'Skye', 'Balistreri', 'Male', '1979-10-21', '2009-04-18', 1);
INSERT INTO `RESEARCHER` (`researcher_id`, `name`, `surname`, `gender`, `birth_date`, `recruitment_date`, `organization_id`) VALUES (39, 'Will', 'Johns', 'Male', '1981-09-10', '2019-07-15', 2);
INSERT INTO `RESEARCHER` (`researcher_id`, `name`, `surname`, `gender`, `birth_date`, `recruitment_date`, `organization_id`) VALUES (40, 'Caleb', 'Pacocha', 'Male', '1996-02-06', '2003-11-02', 2);
INSERT INTO `RESEARCHER` (`researcher_id`, `name`, `surname`, `gender`, `birth_date`, `recruitment_date`, `organization_id`) VALUES (41, 'Jabari', 'Corkery', 'Male', '2000-06-02', '2011-07-09', 2);
INSERT INTO `RESEARCHER` (`researcher_id`, `name`, `surname`, `gender`, `birth_date`, `recruitment_date`, `organization_id`) VALUES (42, 'Ted', 'Erdman', 'Male', '1982-10-10', '2014-07-16', 3);
INSERT INTO `RESEARCHER` (`researcher_id`, `name`, `surname`, `gender`, `birth_date`, `recruitment_date`, `organization_id`) VALUES (43, 'Cordelia', 'VonRueden', 'Male', '1993-03-15', '2015-02-25', 3);
INSERT INTO `RESEARCHER` (`researcher_id`, `name`, `surname`, `gender`, `birth_date`, `recruitment_date`, `organization_id`) VALUES (44, 'Justice', 'Schneider', 'Male', '1988-07-11', '1995-08-15', 3);
INSERT INTO `RESEARCHER` (`researcher_id`, `name`, `surname`, `gender`, `birth_date`, `recruitment_date`, `organization_id`) VALUES (45, 'Theo', 'Dietrich', 'Male', '1996-03-21', '2022-04-05', 4);
INSERT INTO `RESEARCHER` (`researcher_id`, `name`, `surname`, `gender`, `birth_date`, `recruitment_date`, `organization_id`) VALUES (46, 'Jamel', 'Funk', 'Male', '1985-01-29', '2019-06-26', 4);
INSERT INTO `RESEARCHER` (`researcher_id`, `name`, `surname`, `gender`, `birth_date`, `recruitment_date`, `organization_id`) VALUES (47, 'Will', 'Braun', 'Male', '1983-05-19', '1996-06-30', 4);
INSERT INTO `RESEARCHER` (`researcher_id`, `name`, `surname`, `gender`, `birth_date`, `recruitment_date`, `organization_id`) VALUES (48, 'Rolando', 'Mosciski', 'Male', '1970-08-08', '2014-01-22', 5);
INSERT INTO `RESEARCHER` (`researcher_id`, `name`, `surname`, `gender`, `birth_date`, `recruitment_date`, `organization_id`) VALUES (49, 'Shane', 'Schneider', 'Male', '1979-01-24', '1981-03-23', 5);
INSERT INTO `RESEARCHER` (`researcher_id`, `name`, `surname`, `gender`, `birth_date`, `recruitment_date`, `organization_id`) VALUES (50, 'Alec', 'O\'Keefe', 'Male', '2000-04-25', '2015-03-21', 5);
INSERT INTO `RESEARCHER` (`researcher_id`, `name`, `surname`, `gender`, `birth_date`, `recruitment_date`, `organization_id`) VALUES (51, 'Earl', 'Conn', 'Male', '1993-07-26', '2011-02-05', 6);
INSERT INTO `RESEARCHER` (`researcher_id`, `name`, `surname`, `gender`, `birth_date`, `recruitment_date`, `organization_id`) VALUES (52, 'Henry', 'Mills', 'Male', '1979-10-15', '2020-02-14', 6);
INSERT INTO `RESEARCHER` (`researcher_id`, `name`, `surname`, `gender`, `birth_date`, `recruitment_date`, `organization_id`) VALUES (53, 'Torrance', 'Wehner', 'Male', '1978-07-23', '1992-08-13', 6);
INSERT INTO `RESEARCHER` (`researcher_id`, `name`, `surname`, `gender`, `birth_date`, `recruitment_date`, `organization_id`) VALUES (54, 'Bruce', 'Boyle', 'Male', '1996-12-08', '2000-05-23', 7);
INSERT INTO `RESEARCHER` (`researcher_id`, `name`, `surname`, `gender`, `birth_date`, `recruitment_date`, `organization_id`) VALUES (55, 'Nathen', 'Rogahn', 'Male', '1970-02-18', '2005-03-16', 7);
INSERT INTO `RESEARCHER` (`researcher_id`, `name`, `surname`, `gender`, `birth_date`, `recruitment_date`, `organization_id`) VALUES (56, 'Stephen', 'Wiza', 'Male', '1975-02-19', '1992-08-25', 7);
INSERT INTO `RESEARCHER` (`researcher_id`, `name`, `surname`, `gender`, `birth_date`, `recruitment_date`, `organization_id`) VALUES (57, 'Thad', 'Schmitt', 'Male', '1987-01-26', '2019-03-03', 8);
INSERT INTO `RESEARCHER` (`researcher_id`, `name`, `surname`, `gender`, `birth_date`, `recruitment_date`, `organization_id`) VALUES (58, 'Braxton', 'Gulgowski', 'Male', '1990-11-08', '2015-12-18', 8);
INSERT INTO `RESEARCHER` (`researcher_id`, `name`, `surname`, `gender`, `birth_date`, `recruitment_date`, `organization_id`) VALUES (59, 'Josiah', 'Abbott', 'Male', '2000-09-24', '2012-06-05', 8);
INSERT INTO `RESEARCHER` (`researcher_id`, `name`, `surname`, `gender`, `birth_date`, `recruitment_date`, `organization_id`) VALUES (60, 'Augustus', 'O\'Reilly', 'Male', '1977-01-13', '1998-06-01', 9);
INSERT INTO `RESEARCHER` (`researcher_id`, `name`, `surname`, `gender`, `birth_date`, `recruitment_date`, `organization_id`) VALUES (61, 'Ramiro', 'Flatley', 'Male', '2000-06-19', '2021-04-15', 9);
INSERT INTO `RESEARCHER` (`researcher_id`, `name`, `surname`, `gender`, `birth_date`, `recruitment_date`, `organization_id`) VALUES (62, 'Herminio', 'Barrows', 'Male', '1975-01-04', '2010-12-31', 9);
INSERT INTO `RESEARCHER` (`researcher_id`, `name`, `surname`, `gender`, `birth_date`, `recruitment_date`, `organization_id`) VALUES (63, 'Joe', 'Kshlerin', 'Male', '1999-11-16', '2009-02-02', 10);
INSERT INTO `RESEARCHER` (`researcher_id`, `name`, `surname`, `gender`, `birth_date`, `recruitment_date`, `organization_id`) VALUES (64, 'Kraig', 'Funk', 'Male', '1985-07-21', '2001-03-16', 10);
INSERT INTO `RESEARCHER` (`researcher_id`, `name`, `surname`, `gender`, `birth_date`, `recruitment_date`, `organization_id`) VALUES (65, 'Bernhard', 'Rowe', 'Female', '1976-06-21', '1981-08-31', 10);
INSERT INTO `RESEARCHER` (`researcher_id`, `name`, `surname`, `gender`, `birth_date`, `recruitment_date`, `organization_id`) VALUES (66, 'Trey', 'Sanford', 'Female', '1970-12-26', '1988-03-30', 11);
INSERT INTO `RESEARCHER` (`researcher_id`, `name`, `surname`, `gender`, `birth_date`, `recruitment_date`, `organization_id`) VALUES (67, 'Jevon', 'Towne', 'Female', '1972-05-27', '2008-07-12', 11);
INSERT INTO `RESEARCHER` (`researcher_id`, `name`, `surname`, `gender`, `birth_date`, `recruitment_date`, `organization_id`) VALUES (68, 'Giles', 'Haley', 'Female', '1971-01-04', '1998-10-22', 11);
INSERT INTO `RESEARCHER` (`researcher_id`, `name`, `surname`, `gender`, `birth_date`, `recruitment_date`, `organization_id`) VALUES (69, 'Glen', 'Kohler', 'Female', '1974-09-04', '2001-04-30', 12);
INSERT INTO `RESEARCHER` (`researcher_id`, `name`, `surname`, `gender`, `birth_date`, `recruitment_date`, `organization_id`) VALUES (70, 'Dock', 'Mante', 'Female', '1995-12-19', '2019-02-09', 12);
INSERT INTO `RESEARCHER` (`researcher_id`, `name`, `surname`, `gender`, `birth_date`, `recruitment_date`, `organization_id`) VALUES (71, 'Jacey', 'Howe', 'Female', '2000-11-04', '2019-11-17', 12);
INSERT INTO `RESEARCHER` (`researcher_id`, `name`, `surname`, `gender`, `birth_date`, `recruitment_date`, `organization_id`) VALUES (72, 'Brian', 'Hegmann', 'Female', '2000-08-25', '2021-07-07', 12);
INSERT INTO `RESEARCHER` (`researcher_id`, `name`, `surname`, `gender`, `birth_date`, `recruitment_date`, `organization_id`) VALUES (73, 'Karson', 'Deckow', 'Female', '1999-09-06', '2003-06-23', 13);
INSERT INTO `RESEARCHER` (`researcher_id`, `name`, `surname`, `gender`, `birth_date`, `recruitment_date`, `organization_id`) VALUES (74, 'Nat', 'Larson', 'Female', '1989-01-12', '1996-05-16', 13);
INSERT INTO `RESEARCHER` (`researcher_id`, `name`, `surname`, `gender`, `birth_date`, `recruitment_date`, `organization_id`) VALUES (75, 'Rafael', 'Jacobson', 'Female', '1975-04-07', '1985-05-02', 13);
INSERT INTO `RESEARCHER` (`researcher_id`, `name`, `surname`, `gender`, `birth_date`, `recruitment_date`, `organization_id`) VALUES (76, 'Brennan', 'Larson', 'Female', '1982-03-06', '2009-03-03', 14);
INSERT INTO `RESEARCHER` (`researcher_id`, `name`, `surname`, `gender`, `birth_date`, `recruitment_date`, `organization_id`) VALUES (77, 'Jovanny', 'Bernier', 'Female', '1980-12-17', '1998-06-08', 14);
INSERT INTO `RESEARCHER` (`researcher_id`, `name`, `surname`, `gender`, `birth_date`, `recruitment_date`, `organization_id`) VALUES (78, 'Ubaldo', 'Leffler', 'Female', '2000-09-05', '2016-02-26', 14);
INSERT INTO `RESEARCHER` (`researcher_id`, `name`, `surname`, `gender`, `birth_date`, `recruitment_date`, `organization_id`) VALUES (79, 'Willard', 'Reinger', 'Female', '1975-10-26', '2015-11-27', 15);
INSERT INTO `RESEARCHER` (`researcher_id`, `name`, `surname`, `gender`, `birth_date`, `recruitment_date`, `organization_id`) VALUES (80, 'Claud', 'Grady', 'Female', '1976-08-07', '2014-04-23', 15);
INSERT INTO `RESEARCHER` (`researcher_id`, `name`, `surname`, `gender`, `birth_date`, `recruitment_date`, `organization_id`) VALUES (81, 'Charles', 'Rice', 'Female', '1976-05-16', '2021-01-26', 15);
INSERT INTO `RESEARCHER` (`researcher_id`, `name`, `surname`, `gender`, `birth_date`, `recruitment_date`, `organization_id`) VALUES (82, 'Karl', 'Conn', 'Female', '1996-12-20', '2010-04-01', 16);
INSERT INTO `RESEARCHER` (`researcher_id`, `name`, `surname`, `gender`, `birth_date`, `recruitment_date`, `organization_id`) VALUES (83, 'Judge', 'Okuneva', 'Female', '1975-09-09', '2021-08-18', 16);
INSERT INTO `RESEARCHER` (`researcher_id`, `name`, `surname`, `gender`, `birth_date`, `recruitment_date`, `organization_id`) VALUES (84, 'Joshua', 'West', 'Female', '2000-01-29', '2018-11-03', 16);
INSERT INTO `RESEARCHER` (`researcher_id`, `name`, `surname`, `gender`, `birth_date`, `recruitment_date`, `organization_id`) VALUES (85, 'Bobbie', 'Emmerich', 'Female', '1987-03-06', '2015-06-26', 17);
INSERT INTO `RESEARCHER` (`researcher_id`, `name`, `surname`, `gender`, `birth_date`, `recruitment_date`, `organization_id`) VALUES (86, 'Robert', 'Lockman', 'Female', '1975-10-21', '2010-09-13', 17);
INSERT INTO `RESEARCHER` (`researcher_id`, `name`, `surname`, `gender`, `birth_date`, `recruitment_date`, `organization_id`) VALUES (87, 'Clement', 'Adams', 'Female', '1997-06-22', '2013-03-20', 17);
INSERT INTO `RESEARCHER` (`researcher_id`, `name`, `surname`, `gender`, `birth_date`, `recruitment_date`, `organization_id`) VALUES (88, 'Edwardo', 'Miller', 'Female', '1985-03-21', '2013-04-06', 18);
INSERT INTO `RESEARCHER` (`researcher_id`, `name`, `surname`, `gender`, `birth_date`, `recruitment_date`, `organization_id`) VALUES (89, 'Kameron', 'Wolf', 'Female', '1985-03-12', '1988-09-03', 18);
INSERT INTO `RESEARCHER` (`researcher_id`, `name`, `surname`, `gender`, `birth_date`, `recruitment_date`, `organization_id`) VALUES (90, 'Quinn', 'Homenick', 'Female', '1973-05-14', '2019-10-05', 18);
INSERT INTO `RESEARCHER` (`researcher_id`, `name`, `surname`, `gender`, `birth_date`, `recruitment_date`, `organization_id`) VALUES (91, 'Edwin', 'Bartell', 'Female', '1980-11-03', '2018-07-17', 19);
INSERT INTO `RESEARCHER` (`researcher_id`, `name`, `surname`, `gender`, `birth_date`, `recruitment_date`, `organization_id`) VALUES (92, 'Tom', 'Hodkiewicz', 'Female', '1972-03-25', '2014-05-08', 19);
INSERT INTO `RESEARCHER` (`researcher_id`, `name`, `surname`, `gender`, `birth_date`, `recruitment_date`, `organization_id`) VALUES (93, 'Ewald', 'Swaniawski', 'Female', '1989-12-25', '2021-05-28', 19);
INSERT INTO `RESEARCHER` (`researcher_id`, `name`, `surname`, `gender`, `birth_date`, `recruitment_date`, `organization_id`) VALUES (94, 'Nestor', 'Towne', 'Female', '1975-08-09', '2005-01-07', 20);
INSERT INTO `RESEARCHER` (`researcher_id`, `name`, `surname`, `gender`, `birth_date`, `recruitment_date`, `organization_id`) VALUES (95, 'Vladimir', 'Roob', 'Female', '2000-02-24', '2012-02-18', 20);
INSERT INTO `RESEARCHER` (`researcher_id`, `name`, `surname`, `gender`, `birth_date`, `recruitment_date`, `organization_id`) VALUES (96, 'Mohamed', 'O\'Reilly', 'Female', '1970-11-12', '2008-03-12', 20);
INSERT INTO `RESEARCHER` (`researcher_id`, `name`, `surname`, `gender`, `birth_date`, `recruitment_date`, `organization_id`) VALUES (1, 'Junior', 'Schuppe', 'Female', '1973-07-14', '1994-08-11', 21);
INSERT INTO `RESEARCHER` (`researcher_id`, `name`, `surname`, `gender`, `birth_date`, `recruitment_date`, `organization_id`) VALUES (2, 'Durward', 'Carroll', 'Female', '1986-04-27', '2021-06-03', 21);
INSERT INTO `RESEARCHER` (`researcher_id`, `name`, `surname`, `gender`, `birth_date`, `recruitment_date`, `organization_id`) VALUES (3, 'Skye', 'Balistreri', 'Female', '1979-10-21', '2009-04-18', 21);
INSERT INTO `RESEARCHER` (`researcher_id`, `name`, `surname`, `gender`, `birth_date`, `recruitment_date`, `organization_id`) VALUES (4, 'Will', 'Johns', 'Female', '1981-09-10', '2019-07-15', 22);
INSERT INTO `RESEARCHER` (`researcher_id`, `name`, `surname`, `gender`, `birth_date`, `recruitment_date`, `organization_id`) VALUES (5, 'Caleb', 'Pacocha', 'Female', '1996-02-06', '2003-11-02', 22);
INSERT INTO `RESEARCHER` (`researcher_id`, `name`, `surname`, `gender`, `birth_date`, `recruitment_date`, `organization_id`) VALUES (6, 'Jabari', 'Corkery', 'Female', '2000-06-02', '2011-07-09', 22);
INSERT INTO `RESEARCHER` (`researcher_id`, `name`, `surname`, `gender`, `birth_date`, `recruitment_date`, `organization_id`) VALUES (7, 'Ted', 'Erdman', 'Female', '1982-10-10', '2014-07-16', 23);
INSERT INTO `RESEARCHER` (`researcher_id`, `name`, `surname`, `gender`, `birth_date`, `recruitment_date`, `organization_id`) VALUES (8, 'Cordelia', 'VonRueden', 'Female', '1993-03-15', '2015-02-25', 23);
INSERT INTO `RESEARCHER` (`researcher_id`, `name`, `surname`, `gender`, `birth_date`, `recruitment_date`, `organization_id`) VALUES (9, 'Justice', 'Schneider', 'Female', '1988-07-11', '1995-08-15', 23);
INSERT INTO `RESEARCHER` (`researcher_id`, `name`, `surname`, `gender`, `birth_date`, `recruitment_date`, `organization_id`) VALUES (10, 'Theo', 'Dietrich', 'Female', '1996-03-21', '2022-04-05', 24);
INSERT INTO `RESEARCHER` (`researcher_id`, `name`, `surname`, `gender`, `birth_date`, `recruitment_date`, `organization_id`) VALUES (11, 'Jamel', 'Funk', 'Female', '1985-01-29', '2019-06-26', 24);
INSERT INTO `RESEARCHER` (`researcher_id`, `name`, `surname`, `gender`, `birth_date`, `recruitment_date`, `organization_id`) VALUES (12, 'Will', 'Braun', 'Female', '1983-05-19', '1996-06-30', 24);
INSERT INTO `RESEARCHER` (`researcher_id`, `name`, `surname`, `gender`, `birth_date`, `recruitment_date`, `organization_id`) VALUES (13, 'Rolando', 'Mosciski', 'Female', '1970-08-08', '2014-01-22', 25);
INSERT INTO `RESEARCHER` (`researcher_id`, `name`, `surname`, `gender`, `birth_date`, `recruitment_date`, `organization_id`) VALUES (14, 'Shane', 'Schneider', 'Female', '1979-01-24', '1981-03-23', 25);
INSERT INTO `RESEARCHER` (`researcher_id`, `name`, `surname`, `gender`, `birth_date`, `recruitment_date`, `organization_id`) VALUES (15, 'Alec', 'O\'Keefe', 'Female', '2000-04-25', '2015-03-21', 25);
INSERT INTO `RESEARCHER` (`researcher_id`, `name`, `surname`, `gender`, `birth_date`, `recruitment_date`, `organization_id`) VALUES (16, 'Earl', 'Conn', 'Female', '1993-07-26', '2011-02-05', 26);
INSERT INTO `RESEARCHER` (`researcher_id`, `name`, `surname`, `gender`, `birth_date`, `recruitment_date`, `organization_id`) VALUES (17, 'Henry', 'Mills', 'Female', '1979-10-15', '2020-02-14', 26);
INSERT INTO `RESEARCHER` (`researcher_id`, `name`, `surname`, `gender`, `birth_date`, `recruitment_date`, `organization_id`) VALUES (18, 'Torrance', 'Wehner', 'Female', '1978-07-23', '1992-08-13', 26);
INSERT INTO `RESEARCHER` (`researcher_id`, `name`, `surname`, `gender`, `birth_date`, `recruitment_date`, `organization_id`) VALUES (19, 'Bruce', 'Boyle', 'Female', '1996-12-08', '2000-05-23', 27);
INSERT INTO `RESEARCHER` (`researcher_id`, `name`, `surname`, `gender`, `birth_date`, `recruitment_date`, `organization_id`) VALUES (20, 'Nathen', 'Rogahn', 'Female', '1970-02-18', '2005-03-16', 27);
INSERT INTO `RESEARCHER` (`researcher_id`, `name`, `surname`, `gender`, `birth_date`, `recruitment_date`, `organization_id`) VALUES (21, 'Stephen', 'Wiza', 'Female', '1975-02-19', '1992-08-25', 27);
INSERT INTO `RESEARCHER` (`researcher_id`, `name`, `surname`, `gender`, `birth_date`, `recruitment_date`, `organization_id`) VALUES (22, 'Thad', 'Schmitt', 'Female', '1987-01-26', '2019-03-03', 28);
INSERT INTO `RESEARCHER` (`researcher_id`, `name`, `surname`, `gender`, `birth_date`, `recruitment_date`, `organization_id`) VALUES (23, 'Braxton', 'Gulgowski', 'Female', '1990-11-08', '2015-12-18', 28);
INSERT INTO `RESEARCHER` (`researcher_id`, `name`, `surname`, `gender`, `birth_date`, `recruitment_date`, `organization_id`) VALUES (24, 'Josiah', 'Abbott', 'Female', '2000-09-24', '2012-06-05', 28);
INSERT INTO `RESEARCHER` (`researcher_id`, `name`, `surname`, `gender`, `birth_date`, `recruitment_date`, `organization_id`) VALUES (25, 'Augustus', 'O\'Reilly', 'Female', '1977-01-13', '1998-06-01', 29);
INSERT INTO `RESEARCHER` (`researcher_id`, `name`, `surname`, `gender`, `birth_date`, `recruitment_date`, `organization_id`) VALUES (26, 'Ramiro', 'Flatley', 'Other', '2000-06-19', '2021-04-15', 29);
INSERT INTO `RESEARCHER` (`researcher_id`, `name`, `surname`, `gender`, `birth_date`, `recruitment_date`, `organization_id`) VALUES (27, 'Herminio', 'Barrows', 'Other', '1975-01-04', '2010-12-31', 29);
INSERT INTO `RESEARCHER` (`researcher_id`, `name`, `surname`, `gender`, `birth_date`, `recruitment_date`, `organization_id`) VALUES (28, 'Joe', 'Kshlerin', 'Other', '1999-11-16', '2009-02-02', 30);
INSERT INTO `RESEARCHER` (`researcher_id`, `name`, `surname`, `gender`, `birth_date`, `recruitment_date`, `organization_id`) VALUES (29, 'Kraig', 'Funk', 'Other', '1985-07-21', '2001-03-16', 30);
INSERT INTO `RESEARCHER` (`researcher_id`, `name`, `surname`, `gender`, `birth_date`, `recruitment_date`, `organization_id`) VALUES (30, 'Bernhard', 'Rowe', 'Other', '1976-06-21', '1981-08-31', 30);
INSERT INTO `RESEARCHER` (`researcher_id`, `name`, `surname`, `gender`, `birth_date`, `recruitment_date`, `organization_id`) VALUES (31, 'Trey', 'Sanford', 'Other', '1970-12-26', '1988-03-30', 31);
INSERT INTO `RESEARCHER` (`researcher_id`, `name`, `surname`, `gender`, `birth_date`, `recruitment_date`, `organization_id`) VALUES (32, 'Jevon', 'Towne', 'Other', '1972-05-27', '2008-07-12', 31);
INSERT INTO `RESEARCHER` (`researcher_id`, `name`, `surname`, `gender`, `birth_date`, `recruitment_date`, `organization_id`) VALUES (33, 'Giles', 'Haley', 'Other', '1971-01-04', '1998-10-22', 31);
INSERT INTO `RESEARCHER` (`researcher_id`, `name`, `surname`, `gender`, `birth_date`, `recruitment_date`, `organization_id`) VALUES (34, 'Glen', 'Kohler', 'Other', '1974-09-04', '2001-04-30', 32);
INSERT INTO `RESEARCHER` (`researcher_id`, `name`, `surname`, `gender`, `birth_date`, `recruitment_date`, `organization_id`) VALUES (35, 'Dock', 'Mante', 'Other', '1995-12-19', '2019-02-09', 32);
INSERT INTO `RESEARCHER` (`researcher_id`, `name`, `surname`, `gender`, `birth_date`, `recruitment_date`, `organization_id`) VALUES (97, 'Jacey', 'Howe', 'Other', '2000-11-04', '2019-11-17', 32);
INSERT INTO `RESEARCHER` (`researcher_id`, `name`, `surname`, `gender`, `birth_date`, `recruitment_date`, `organization_id`) VALUES (98, 'Brian', 'Hegmann', 'Other', '2000-08-25', '2021-07-07', 32);
INSERT INTO `RESEARCHER` (`researcher_id`, `name`, `surname`, `gender`, `birth_date`, `recruitment_date`, `organization_id`) VALUES (99, 'Karson', 'Deckow', 'Other', '1999-09-06', '2003-06-23', 33);
INSERT INTO `RESEARCHER` (`researcher_id`, `name`, `surname`, `gender`, `birth_date`, `recruitment_date`, `organization_id`) VALUES (100, 'Nat', 'Larson', 'Other', '1989-01-12', '1996-05-16', 33);
INSERT INTO `RESEARCHER` (`researcher_id`, `name`, `surname`, `gender`, `birth_date`, `recruitment_date`, `organization_id`) VALUES (101, 'Rafael', 'Jacobson', 'Other', '1975-04-07', '1985-05-02', 33);
INSERT INTO `RESEARCHER` (`researcher_id`, `name`, `surname`, `gender`, `birth_date`, `recruitment_date`, `organization_id`) VALUES (102, 'Brennan', 'Larson', 'Other', '1982-03-06', '2009-03-03', 34);
INSERT INTO `RESEARCHER` (`researcher_id`, `name`, `surname`, `gender`, `birth_date`, `recruitment_date`, `organization_id`) VALUES (103, 'Jovanny', 'Bernier', 'Other', '1980-12-17', '1998-06-08', 34);
INSERT INTO `RESEARCHER` (`researcher_id`, `name`, `surname`, `gender`, `birth_date`, `recruitment_date`, `organization_id`) VALUES (104, 'Ubaldo', 'Leffler', 'Other', '2000-09-05', '2016-02-26', 34);
INSERT INTO `RESEARCHER` (`researcher_id`, `name`, `surname`, `gender`, `birth_date`, `recruitment_date`, `organization_id`) VALUES (105, 'Willard', 'Reinger', 'Other', '1975-10-26', '2015-11-27', 35);
INSERT INTO `RESEARCHER` (`researcher_id`, `name`, `surname`, `gender`, `birth_date`, `recruitment_date`, `organization_id`) VALUES (106, 'Claud', 'Grady', 'Other', '1976-08-07', '2014-04-23', 35);
INSERT INTO `RESEARCHER` (`researcher_id`, `name`, `surname`, `gender`, `birth_date`, `recruitment_date`, `organization_id`) VALUES (107, 'Charles', 'Rice', 'Other', '1976-05-16', '2021-01-26', 35);
INSERT INTO `RESEARCHER` (`researcher_id`, `name`, `surname`, `gender`, `birth_date`, `recruitment_date`, `organization_id`) VALUES (108, 'Karl', 'Conn', 'Other', '1996-12-20', '2010-04-01', 36);
INSERT INTO `RESEARCHER` (`researcher_id`, `name`, `surname`, `gender`, `birth_date`, `recruitment_date`, `organization_id`) VALUES (109, 'Judge', 'Okuneva', 'Other', '1975-09-09', '2021-08-18', 36);
INSERT INTO `RESEARCHER` (`researcher_id`, `name`, `surname`, `gender`, `birth_date`, `recruitment_date`, `organization_id`) VALUES (110, 'Joshua', 'West', 'Other', '2000-01-29', '2018-11-03', 36);
INSERT INTO `RESEARCHER` (`researcher_id`, `name`, `surname`, `gender`, `birth_date`, `recruitment_date`, `organization_id`) VALUES (111, 'Bobbie', 'Emmerich', 'Other', '1987-03-06', '2015-06-26', 37);
INSERT INTO `RESEARCHER` (`researcher_id`, `name`, `surname`, `gender`, `birth_date`, `recruitment_date`, `organization_id`) VALUES (112, 'Robert', 'Lockman', 'Other', '1975-10-21', '2010-09-13', 37);
INSERT INTO `RESEARCHER` (`researcher_id`, `name`, `surname`, `gender`, `birth_date`, `recruitment_date`, `organization_id`) VALUES (113, 'Clement', 'Adams', 'Other', '1997-06-22', '2013-03-20', 37);
INSERT INTO `RESEARCHER` (`researcher_id`, `name`, `surname`, `gender`, `birth_date`, `recruitment_date`, `organization_id`) VALUES (114, 'Edwardo', 'Miller', 'Other', '1985-03-21', '2013-04-06', 38);
INSERT INTO `RESEARCHER` (`researcher_id`, `name`, `surname`, `gender`, `birth_date`, `recruitment_date`, `organization_id`) VALUES (115, 'Joe', 'Kshlerin', 'Other', '1999-11-16', '2009-02-02', 39);
INSERT INTO `RESEARCHER` (`researcher_id`, `name`, `surname`, `gender`, `birth_date`, `recruitment_date`, `organization_id`) VALUES (116, 'Kraig', 'Funk', 'Other', '1985-07-21', '2001-03-16', 39);
INSERT INTO `RESEARCHER` (`researcher_id`, `name`, `surname`, `gender`, `birth_date`, `recruitment_date`, `organization_id`) VALUES (117, 'Bernhard', 'Rowe', 'Other', '1976-06-21', '1981-08-31', 39);
INSERT INTO `RESEARCHER` (`researcher_id`, `name`, `surname`, `gender`, `birth_date`, `recruitment_date`, `organization_id`) VALUES (118, 'Trey', 'Sanford', 'Other', '1970-12-26', '1988-03-30', 40);
INSERT INTO `RESEARCHER` (`researcher_id`, `name`, `surname`, `gender`, `birth_date`, `recruitment_date`, `organization_id`) VALUES (119, 'Jevon', 'Towne', 'Other', '1972-05-27', '2008-07-12', 40);
INSERT INTO `RESEARCHER` (`researcher_id`, `name`, `surname`, `gender`, `birth_date`, `recruitment_date`, `organization_id`) VALUES (120, 'Giles', 'Haley', 'Other', '1971-01-04', '1998-10-22', 40);
INSERT INTO `RESEARCHER` (`researcher_id`, `name`, `surname`, `gender`, `birth_date`, `recruitment_date`, `organization_id`) VALUES (121, 'Glen', 'Kohler', 'Other', '1974-09-04', '2001-04-30', 41);
INSERT INTO `RESEARCHER` (`researcher_id`, `name`, `surname`, `gender`, `birth_date`, `recruitment_date`, `organization_id`) VALUES (122, 'Dock', 'Mante', 'Other', '1995-12-19', '2019-02-09', 41);
INSERT INTO `RESEARCHER` (`researcher_id`, `name`, `surname`, `gender`, `birth_date`, `recruitment_date`, `organization_id`) VALUES (123, 'Jacey', 'Howe', 'Other', '2000-11-04', '2019-11-17', 41);
INSERT INTO `RESEARCHER` (`researcher_id`, `name`, `surname`, `gender`, `birth_date`, `recruitment_date`, `organization_id`) VALUES (124, 'Brian', 'Hegmann', 'Other', '2000-08-25', '2021-07-07', 42);
INSERT INTO `RESEARCHER` (`researcher_id`, `name`, `surname`, `gender`, `birth_date`, `recruitment_date`, `organization_id`) VALUES (125, 'Karson', 'Deckow', 'Other', '1999-09-06', '2003-06-23', 43);
INSERT INTO `RESEARCHER` (`researcher_id`, `name`, `surname`, `gender`, `birth_date`, `recruitment_date`, `organization_id`) VALUES (126, 'Nat', 'Larson', 'Other', '1989-01-12', '1996-05-16', 43);
INSERT INTO `RESEARCHER` (`researcher_id`, `name`, `surname`, `gender`, `birth_date`, `recruitment_date`, `organization_id`) VALUES (127, 'Rafael', 'Jacobson', 'Other', '1975-04-07', '1985-05-02', 43);
INSERT INTO `RESEARCHER` (`researcher_id`, `name`, `surname`, `gender`, `birth_date`, `recruitment_date`, `organization_id`) VALUES (128, 'Brennan', 'Larson', 'Other', '1982-03-06', '2009-03-03', 44);
INSERT INTO `RESEARCHER` (`researcher_id`, `name`, `surname`, `gender`, `birth_date`, `recruitment_date`, `organization_id`) VALUES (129, 'Jovanny', 'Bernier', 'Other', '1980-12-17', '1998-06-08', 44);
INSERT INTO `RESEARCHER` (`researcher_id`, `name`, `surname`, `gender`, `birth_date`, `recruitment_date`, `organization_id`) VALUES (130, 'Ubaldo', 'Leffler', 'Other', '2000-09-05', '2016-02-26', 44);
INSERT INTO `RESEARCHER` (`researcher_id`, `name`, `surname`, `gender`, `birth_date`, `recruitment_date`, `organization_id`) VALUES (131, 'Willard', 'Reinger', 'Other', '1975-10-26', '2015-11-27', 45);
INSERT INTO `RESEARCHER` (`researcher_id`, `name`, `surname`, `gender`, `birth_date`, `recruitment_date`, `organization_id`) VALUES (132, 'Claud', 'Grady', 'Other', '1976-08-07', '2014-04-23', 45);
INSERT INTO `RESEARCHER` (`researcher_id`, `name`, `surname`, `gender`, `birth_date`, `recruitment_date`, `organization_id`) VALUES (133, 'Charles', 'Rice', 'Other', '1976-05-16', '2021-01-26', 45);



DELETE FROM FIELD WHERE field_id<100;
INSERT INTO `FIELD` (`field_id`, `field_name`) VALUES (1, 'Maths');
INSERT INTO `FIELD` (`field_id`, `field_name`) VALUES (2, 'Physics');
INSERT INTO `FIELD` (`field_id`, `field_name`) VALUES (3, 'Chemistry');
INSERT INTO `FIELD` (`field_id`, `field_name`) VALUES (4, 'Biology');
INSERT INTO `FIELD` (`field_id`, `field_name`) VALUES (5, 'Mechanical Engineering');
INSERT INTO `FIELD` (`field_id`, `field_name`) VALUES (6, 'Computer Engineering');
INSERT INTO `FIELD` (`field_id`, `field_name`) VALUES (7, 'Physiology');
INSERT INTO `FIELD` (`field_id`, `field_name`) VALUES (8, 'Anthropology');
INSERT INTO `FIELD` (`field_id`, `field_name`) VALUES (9, 'Immunology');
INSERT INTO `FIELD` (`field_id`, `field_name`) VALUES (10, 'Sociology');
INSERT INTO `FIELD` (`field_id`, `field_name`) VALUES (11, 'History');
INSERT INTO `FIELD` (`field_id`, `field_name`) VALUES (12, 'Religion');
INSERT INTO `FIELD` (`field_id`, `field_name`) VALUES (13, 'Chemical Engineering');
INSERT INTO `FIELD` (`field_id`, `field_name`) VALUES (14, 'Political Engineering');
INSERT INTO `FIELD` (`field_id`, `field_name`) VALUES (15, 'Language');

DELETE FROM PROJECT WHERE project_id<10000;
INSERT INTO `PROJECT` (`project_id`, `title`, `summary`, `funds`, `starting_date`, `ending_date`, `executive_id`, `program_id`, `organization_id`, `researcher_id`, `deliverables`) VALUES (1, 'Title1', 'Eius numquam dolor corrupti sed suscipit.', 475275, '2020-09-10', '2023-08-21', 28, 1, 1, 1, 0);
INSERT INTO `PROJECT` (`project_id`, `title`, `summary`, `funds`, `starting_date`, `ending_date`, `executive_id`, `program_id`, `organization_id`, `researcher_id`, `deliverables`) VALUES (2, 'Title2', 'Vel officiis illo earum suscipit mollitia eni', 904741, '1983-03-01', '1986-10-23', 27, 2, 2, 2, 0);
INSERT INTO `PROJECT` (`project_id`, `title`, `summary`, `funds`, `starting_date`, `ending_date`, `executive_id`, `program_id`, `organization_id`, `researcher_id`, `deliverables`) VALUES (3, 'Title3', 'Consequatur nulla sit et iusto.', 753688, '2020-11-22', '2023-08-21', 26, 3, 3, 3, 0);
INSERT INTO `PROJECT` (`project_id`, `title`, `summary`, `funds`, `starting_date`, `ending_date`, `executive_id`, `program_id`, `organization_id`, `researcher_id`, `deliverables`) VALUES (4, 'Title4', 'Voluptatem ut facere ab nesciunt.', 205473, '2020-09-06', '2023-08-21', 25, 4, 4, 4, 0);
INSERT INTO `PROJECT` (`project_id`, `title`, `summary`, `funds`, `starting_date`, `ending_date`, `executive_id`, `program_id`, `organization_id`, `researcher_id`, `deliverables`) VALUES (5, 'Title5', 'Enim possimus assumenda assumenda repellendus', 906631, '1984-06-19', '1987-06-26', 24, 5, 5, 5, 0);
INSERT INTO `PROJECT` (`project_id`, `title`, `summary`, `funds`, `starting_date`, `ending_date`, `executive_id`, `program_id`, `organization_id`, `researcher_id`, `deliverables`) VALUES (6, 'Title6', 'Quo in laborum iste explicabo qui fugiat.', 302426, '1985-12-04', '1989-09-12', 23, 6, 6, 6, 0);
INSERT INTO `PROJECT` (`project_id`, `title`, `summary`, `funds`, `starting_date`, `ending_date`, `executive_id`, `program_id`, `organization_id`, `researcher_id`, `deliverables`) VALUES (7, 'Title7', 'Et quo qui voluptates.', 267175, '1998-09-24', '2000-01-26', 22, 7, 7, 7, 0);
INSERT INTO `PROJECT` (`project_id`, `title`, `summary`, `funds`, `starting_date`, `ending_date`, `executive_id`, `program_id`, `organization_id`, `researcher_id`, `deliverables`) VALUES (8, 'Title8', 'Nisi omnis natus nostrum ex dolor tenetur.', 505543, '2020-06-04', '2023-08-21', 21, 8, 8, 8, 0);
INSERT INTO `PROJECT` (`project_id`, `title`, `summary`, `funds`, `starting_date`, `ending_date`, `executive_id`, `program_id`, `organization_id`, `researcher_id`, `deliverables`) VALUES (9, 'Title9', 'Consectetur aspernatur neque sunt fugit ipsum', 423807, '2013-08-05', '2014-11-05', 20, 9, 9, 9, 0);
INSERT INTO `PROJECT` (`project_id`, `title`, `summary`, `funds`, `starting_date`, `ending_date`, `executive_id`, `program_id`, `organization_id`, `researcher_id`, `deliverables`) VALUES (10, 'Title10', 'Modi aut temporibus inventore quod.', 998964, '1994-06-06', '1997-04-10', 19, 10, 10, 10, 0);
INSERT INTO `PROJECT` (`project_id`, `title`, `summary`, `funds`, `starting_date`, `ending_date`, `executive_id`, `program_id`, `organization_id`, `researcher_id`, `deliverables`) VALUES (11, 'Title11', 'Voluptates dicta labore molestiae dolor exped', 949356, '1978-09-19', '1980-04-27', 18, 11, 11, 11, 0);
INSERT INTO `PROJECT` (`project_id`, `title`, `summary`, `funds`, `starting_date`, `ending_date`, `executive_id`, `program_id`, `organization_id`, `researcher_id`, `deliverables`) VALUES (12, 'Title12', 'Fuga neque quae et odit.', 241827, '1984-04-01', '1987-03-08', 17, 12, 12, 12, 0);
INSERT INTO `PROJECT` (`project_id`, `title`, `summary`, `funds`, `starting_date`, `ending_date`, `executive_id`, `program_id`, `organization_id`, `researcher_id`, `deliverables`) VALUES (13, 'Title13', 'Eum dolorem recusandae veniam magnam.', 174280, '1973-06-18', '1975-07-22', 16, 13, 13, 13, 0);
INSERT INTO `PROJECT` (`project_id`, `title`, `summary`, `funds`, `starting_date`, `ending_date`, `executive_id`, `program_id`, `organization_id`, `researcher_id`, `deliverables`) VALUES (14, 'Title14', 'Porro qui ipsa aut sit iste magnam ipsum.', 832961, '1980-10-22', '1982-07-11', 15, 14, 14, 14, 0);
INSERT INTO `PROJECT` (`project_id`, `title`, `summary`, `funds`, `starting_date`, `ending_date`, `executive_id`, `program_id`, `organization_id`, `researcher_id`, `deliverables`) VALUES (15, 'Title15', 'Qui illo distinctio delectus qui illo error.', 110754, '2021-03-15', '2024-10-06', 14, 15, 15, 15, 0);
INSERT INTO `PROJECT` (`project_id`, `title`, `summary`, `funds`, `starting_date`, `ending_date`, `executive_id`, `program_id`, `organization_id`, `researcher_id`, `deliverables`) VALUES (16, 'Title16', 'Doloremque consequatur veritatis eaque.', 646790, '2020-04-06', '2023-08-21', 13, 16, 16, 16, 0);
INSERT INTO `PROJECT` (`project_id`, `title`, `summary`, `funds`, `starting_date`, `ending_date`, `executive_id`, `program_id`, `organization_id`, `researcher_id`, `deliverables`) VALUES (17, 'Title17', 'Qui rerum animi iusto minima labore enim tota', 641601, '2020-11-20', '2022-08-28', 12, 17, 17, 17, 0);
INSERT INTO `PROJECT` (`project_id`, `title`, `summary`, `funds`, `starting_date`, `ending_date`, `executive_id`, `program_id`, `organization_id`, `researcher_id`, `deliverables`) VALUES (18, 'Title18', 'Quos dolorem est ea tempora iusto ut cupidita', 748150, '2022-12-18', '2025-09-16', 11, 18, 18, 18, 0);
INSERT INTO `PROJECT` (`project_id`, `title`, `summary`, `funds`, `starting_date`, `ending_date`, `executive_id`, `program_id`, `organization_id`, `researcher_id`, `deliverables`) VALUES (19, 'Title19', 'Ab fugiat et repellat quidem fugiat occaecati', 330456, '2022-08-30', '2025-09-16', 10, 19, 19, 19, 0);
INSERT INTO `PROJECT` (`project_id`, `title`, `summary`, `funds`, `starting_date`, `ending_date`, `executive_id`, `program_id`, `organization_id`, `researcher_id`, `deliverables`) VALUES (20, 'Title20', 'Velit dolorem possimus id sapiente.', 427021, '2001-09-23', '2003-06-29', 9, 20, 20, 20, 0);
INSERT INTO `PROJECT` (`project_id`, `title`, `summary`, `funds`, `starting_date`, `ending_date`, `executive_id`, `program_id`, `organization_id`, `researcher_id`, `deliverables`) VALUES (21, 'Title21', 'Recusandae harum inventore voluptas.', 889336, '1994-01-16', '1996-05-26', 8, 21, 21, 21, 0);
INSERT INTO `PROJECT` (`project_id`, `title`, `summary`, `funds`, `starting_date`, `ending_date`, `executive_id`, `program_id`, `organization_id`, `researcher_id`, `deliverables`) VALUES (22, 'Title22', 'Itaque unde et aperiam est et ullam exercitat', 332427, '2020-11-18', '2023-08-21', 7, 22, 22, 22, 0);
INSERT INTO `PROJECT` (`project_id`, `title`, `summary`, `funds`, `starting_date`, `ending_date`, `executive_id`, `program_id`, `organization_id`, `researcher_id`, `deliverables`) VALUES (23, 'Title23', 'Architecto iusto nisi odit exercitationem tem', 390936, '1988-11-02', '1990-09-08', 6, 23, 23, 23, 0);
INSERT INTO `PROJECT` (`project_id`, `title`, `summary`, `funds`, `starting_date`, `ending_date`, `executive_id`, `program_id`, `organization_id`, `researcher_id`, `deliverables`) VALUES (24, 'Title24', 'Debitis voluptatem quam distinctio.', 584008, '2007-03-17', '2009-02-04', 5, 24, 24, 24, 0);
INSERT INTO `PROJECT` (`project_id`, `title`, `summary`, `funds`, `starting_date`, `ending_date`, `executive_id`, `program_id`, `organization_id`, `researcher_id`, `deliverables`) VALUES (25, 'Title25', 'Accusantium veritatis eaque magni occaecati.', 566218, '2020-04-15', '2023-08-21', 4, 25, 25, 25, 0);
INSERT INTO `PROJECT` (`project_id`, `title`, `summary`, `funds`, `starting_date`, `ending_date`, `executive_id`, `program_id`, `organization_id`, `researcher_id`, `deliverables`) VALUES (26, 'Title26', 'Pariatur a nihil sint pariatur animi beatae.', 840031, '2022-04-04', '2025-09-16', 3, 26, 26, 26, 0);
INSERT INTO `PROJECT` (`project_id`, `title`, `summary`, `funds`, `starting_date`, `ending_date`, `executive_id`, `program_id`, `organization_id`, `researcher_id`, `deliverables`) VALUES (27, 'Title27', 'Pariatur qui veritatis in et.', 463579, '2016-06-20', '2018-04-09', 2, 27, 27, 27, 0);
INSERT INTO `PROJECT` (`project_id`, `title`, `summary`, `funds`, `starting_date`, `ending_date`, `executive_id`, `program_id`, `organization_id`, `researcher_id`, `deliverables`) VALUES (28, 'Title28', 'Aperiam porro consequatur reiciendis dolores ', 518360, '2023-08-26', '2025-09-16', 1, 28, 28, 28, 0);
INSERT INTO `PROJECT` (`project_id`, `title`, `summary`, `funds`, `starting_date`, `ending_date`, `executive_id`, `program_id`, `organization_id`, `researcher_id`, `deliverables`) VALUES (29, 'Title30', 'Nesciunt explicabo in et est fuga odit recusa', 139800, '2020-03-18', '2023-08-21', 30, 29, 29, 29, 0);
INSERT INTO `PROJECT` (`project_id`, `title`, `summary`, `funds`, `starting_date`, `ending_date`, `executive_id`, `program_id`, `organization_id`, `researcher_id`, `deliverables`) VALUES (30, 'Title31', 'Facilis excepturi numquam laborum eum fuga.', 591270, '2020-02-11', '2023-08-21', 29, 30, 30, 30, 0);
INSERT INTO `PROJECT` (`project_id`, `title`, `summary`, `funds`, `starting_date`, `ending_date`, `executive_id`, `program_id`, `organization_id`, `researcher_id`, `deliverables`) VALUES (31, 'Title32', 'Quis aliquid molestiae cumque rerum rem totam', 808091, '2022-08-08', '2025-04-27', 28, 31, 31, 31, 0);
INSERT INTO `PROJECT` (`project_id`, `title`, `summary`, `funds`, `starting_date`, `ending_date`, `executive_id`, `program_id`, `organization_id`, `researcher_id`, `deliverables`) VALUES (32, 'Title33', 'Incidunt unde possimus voluptatem voluptas qu', 349470, '2022-12-22', '2025-09-16', 27, 32, 32, 32, 0);
INSERT INTO `PROJECT` (`project_id`, `title`, `summary`, `funds`, `starting_date`, `ending_date`, `executive_id`, `program_id`, `organization_id`, `researcher_id`, `deliverables`) VALUES (33, 'Title34', 'Molestiae qui ducimus ipsa esse itaque vel re', 164075, '1980-01-08', '1981-05-28', 26, 33, 33, 33, 0);
INSERT INTO `PROJECT` (`project_id`, `title`, `summary`, `funds`, `starting_date`, `ending_date`, `executive_id`, `program_id`, `organization_id`, `researcher_id`, `deliverables`) VALUES (34, 'Title35', 'Explicabo quis aut aperiam.', 746269, '2022-01-26', '2023-08-21', 25, 34, 34, 34, 0);
INSERT INTO `PROJECT` (`project_id`, `title`, `summary`, `funds`, `starting_date`, `ending_date`, `executive_id`, `program_id`, `organization_id`, `researcher_id`, `deliverables`) VALUES (35, 'Title36', 'Qui qui eveniet harum.', 249518, '2021-11-10', '2023-08-21', 24, 35, 35, 35, 0);
INSERT INTO `PROJECT` (`project_id`, `title`, `summary`, `funds`, `starting_date`, `ending_date`, `executive_id`, `program_id`, `organization_id`, `researcher_id`, `deliverables`) VALUES (36, 'Title37', 'Odio aut magni rerum labore.', 641351, '1975-12-04', '1977-03-24', 23, 36, 36, 36, 0);
INSERT INTO `PROJECT` (`project_id`, `title`, `summary`, `funds`, `starting_date`, `ending_date`, `executive_id`, `program_id`, `organization_id`, `researcher_id`, `deliverables`) VALUES (37, 'Title38', 'Molestias illum libero excepturi nemo.', 965870, '2022-01-06', '2025-07-24', 22, 37, 37, 37, 0);
INSERT INTO `PROJECT` (`project_id`, `title`, `summary`, `funds`, `starting_date`, `ending_date`, `executive_id`, `program_id`, `organization_id`, `researcher_id`, `deliverables`) VALUES (38, 'Title39', 'Delectus nisi ea et doloremque.', 238094, '2023-06-21', '2025-09-16', 21, 38, 38, 38, 0);
INSERT INTO `PROJECT` (`project_id`, `title`, `summary`, `funds`, `starting_date`, `ending_date`, `executive_id`, `program_id`, `organization_id`, `researcher_id`, `deliverables`) VALUES (39, 'Title40', 'Ab fugiat et repellat quidem fugiat occaecati', 330456, '2022-03-16', '2025-09-16', 20, 39, 39, 39, 0);
INSERT INTO `PROJECT` (`project_id`, `title`, `summary`, `funds`, `starting_date`, `ending_date`, `executive_id`, `program_id`, `organization_id`, `researcher_id`, `deliverables`) VALUES (40, 'Title41', 'Velit dolorem possimus id sapiente.', 427021, '2000-09-23', '2003-06-29', 19, 40, 40, 40, 0);
INSERT INTO `PROJECT` (`project_id`, `title`, `summary`, `funds`, `starting_date`, `ending_date`, `executive_id`, `program_id`, `organization_id`, `researcher_id`, `deliverables`) VALUES (41, 'Title42', 'Recusandae harum inventore voluptas.', 889336, '1994-01-16', '1996-05-26', 18, 1, 41, 41, 0);
INSERT INTO `PROJECT` (`project_id`, `title`, `summary`, `funds`, `starting_date`, `ending_date`, `executive_id`, `program_id`, `organization_id`, `researcher_id`, `deliverables`) VALUES (42, 'Title43', 'Itaque unde et aperiam est et ullam exercitat', 332427, '2020-11-18', '2023-08-21', 17, 2, 42, 42, 0);
INSERT INTO `PROJECT` (`project_id`, `title`, `summary`, `funds`, `starting_date`, `ending_date`, `executive_id`, `program_id`, `organization_id`, `researcher_id`, `deliverables`) VALUES (43, 'Title44', 'Architecto iusto nisi odit exercitationem tem', 390936, '1988-11-02', '1990-09-08', 16, 3, 43, 43, 0);
INSERT INTO `PROJECT` (`project_id`, `title`, `summary`, `funds`, `starting_date`, `ending_date`, `executive_id`, `program_id`, `organization_id`, `researcher_id`, `deliverables`) VALUES (44, 'Title45', 'Debitis voluptatem quam distinctio.', 584008, '2005-03-17', '2009-02-04', 15, 4, 44, 44, 0);
INSERT INTO `PROJECT` (`project_id`, `title`, `summary`, `funds`, `starting_date`, `ending_date`, `executive_id`, `program_id`, `organization_id`, `researcher_id`, `deliverables`) VALUES (45, 'Title46', 'Accusantium veritatis eaque magni occaecati.', 566218, '2020-04-15', '2023-08-21', 14, 5, 45, 45, 0);
INSERT INTO `PROJECT` (`project_id`, `title`, `summary`, `funds`, `starting_date`, `ending_date`, `executive_id`, `program_id`, `organization_id`, `researcher_id`, `deliverables`) VALUES (46, 'Title47', 'Pariatur a nihil sint pariatur animi beatae.', 840031, '2020-04-04', '2023-08-21', 13, 6, 1, 46, 0);
INSERT INTO `PROJECT` (`project_id`, `title`, `summary`, `funds`, `starting_date`, `ending_date`, `executive_id`, `program_id`, `organization_id`, `researcher_id`, `deliverables`) VALUES (47, 'Title48', 'Pariatur qui veritatis in et.', 463579, '2016-06-20', '2018-04-09', 12, 7, 2, 47, 0);
INSERT INTO `PROJECT` (`project_id`, `title`, `summary`, `funds`, `starting_date`, `ending_date`, `executive_id`, `program_id`, `organization_id`, `researcher_id`, `deliverables`) VALUES (48, 'Title49', 'Aperiam porro consequatur reiciendis dolores ', 518036, '2020-08-26', '2023-08-21', 11, 8, 3, 48, 0);
INSERT INTO `PROJECT` (`project_id`, `title`, `summary`, `funds`, `starting_date`, `ending_date`, `executive_id`, `program_id`, `organization_id`, `researcher_id`, `deliverables`) VALUES (49, 'Title50', 'Nesciunt explicabo in et est fuga odit recusa', 139800, '1992-03-18', '1995-10-24', 10, 9, 4, 49, 0);
INSERT INTO `PROJECT` (`project_id`, `title`, `summary`, `funds`, `starting_date`, `ending_date`, `executive_id`, `program_id`, `organization_id`, `researcher_id`, `deliverables`) VALUES (50, 'Title51', 'Facilis excepturi numquam laborum eum fuga.', 591270, '2020-02-11', '2023-08-21', 9, 10, 5, 50, 0);
INSERT INTO `PROJECT` (`project_id`, `title`, `summary`, `funds`, `starting_date`, `ending_date`, `executive_id`, `program_id`, `organization_id`, `researcher_id`, `deliverables`) VALUES (51, 'Title52', 'Quis aliquid molestiae cumque rerum rem totam', 808091, '2022-08-08', '2025-04-27', 8,11, 6, 51, 0);
INSERT INTO `PROJECT` (`project_id`, `title`, `summary`, `funds`, `starting_date`, `ending_date`, `executive_id`, `program_id`, `organization_id`, `researcher_id`, `deliverables`) VALUES (52, 'Title53', 'Incidunt unde possimus voluptatem voluptas qu', 349470, '2021-12-22', '2023-08-21', 7, 12, 7, 52, 0);
INSERT INTO `PROJECT` (`project_id`, `title`, `summary`, `funds`, `starting_date`, `ending_date`, `executive_id`, `program_id`, `organization_id`, `researcher_id`, `deliverables`) VALUES (53, 'Title54', 'Molestiae qui ducimus ipsa esse itaque vel re', 164075, '1979-01-08', '1981-05-28', 6, 13, 8, 53, 0);
INSERT INTO `PROJECT` (`project_id`, `title`, `summary`, `funds`, `starting_date`, `ending_date`, `executive_id`, `program_id`, `organization_id`, `researcher_id`, `deliverables`) VALUES (54, 'Title55', 'Explicabo quis aut aperiam.', 746269, '2004-01-26', '2007-02-27', 5, 14, 9, 54, 3);
INSERT INTO `PROJECT` (`project_id`, `title`, `summary`, `funds`, `starting_date`, `ending_date`, `executive_id`, `program_id`, `organization_id`, `researcher_id`, `deliverables`) VALUES (55, 'Title56', 'Qui qui eveniet harum.', 249518, '2020-11-10', '2023-08-21', 4, 15, 10, 55, 3);
INSERT INTO `PROJECT` (`project_id`, `title`, `summary`, `funds`, `starting_date`, `ending_date`, `executive_id`, `program_id`, `organization_id`, `researcher_id`, `deliverables`) VALUES (56, 'Title56', 'Odio aut magni rerum labore.', 641351, '1975-12-04', '1977-03-24', 3, 16, 11, 56, 3);
INSERT INTO `PROJECT` (`project_id`, `title`, `summary`, `funds`, `starting_date`, `ending_date`, `executive_id`, `program_id`, `organization_id`, `researcher_id`, `deliverables`) VALUES (57, 'Title57', 'Molestias illum libero excepturi nemo.', 965870, '2023-01-06', '2025-07-24', 2, 17, 12, 57, 3);
INSERT INTO `PROJECT` (`project_id`, `title`, `summary`, `funds`, `starting_date`, `ending_date`, `executive_id`, `program_id`, `organization_id`, `researcher_id`, `deliverables`) VALUES (58, 'Title58', 'Delectus nisi ea et doloremque.', 238094, '2020-06-21', '2023-08-21', 1, 18, 13, 58, 3);
INSERT INTO `PROJECT` (`project_id`, `title`, `summary`, `funds`, `starting_date`, `ending_date`, `executive_id`, `program_id`, `organization_id`, `researcher_id`, `deliverables`) VALUES (59, 'Title55', 'Explicabo quis aut aperiam.', 746269, '2004-01-26', '2007-02-27', 5, 14, 9, 54, 0);
INSERT INTO `PROJECT` (`project_id`, `title`, `summary`, `funds`, `starting_date`, `ending_date`, `executive_id`, `program_id`, `organization_id`, `researcher_id`, `deliverables`) VALUES (60, 'Title55', 'Explicabo quis aut aperiam.', 746269, '2004-01-26', '2007-02-27', 5, 14, 9, 54, 0);
INSERT INTO `PROJECT` (`project_id`, `title`, `summary`, `funds`, `starting_date`, `ending_date`, `executive_id`, `program_id`, `organization_id`, `researcher_id`, `deliverables`) VALUES (61, 'Title55', 'Explicabo quis aut aperiam.', 746269, '2004-01-26', '2007-02-27', 5, 14, 9, 54, 0);
INSERT INTO `PROJECT` (`project_id`, `title`, `summary`, `funds`, `starting_date`, `ending_date`, `executive_id`, `program_id`, `organization_id`, `researcher_id`, `deliverables`) VALUES (62, 'Title55', 'Explicabo quis aut aperiam.', 746269, '2004-01-26', '2007-02-27', 5, 14, 9, 54, 0);
INSERT INTO `PROJECT` (`project_id`, `title`, `summary`, `funds`, `starting_date`, `ending_date`, `executive_id`, `program_id`, `organization_id`, `researcher_id`, `deliverables`) VALUES (63, 'Title55', 'Explicabo quis aut aperiam.', 746269, '2004-01-26', '2007-02-27', 5, 14, 9, 54, 0);
INSERT INTO `PROJECT` (`project_id`, `title`, `summary`, `funds`, `starting_date`, `ending_date`, `executive_id`, `program_id`, `organization_id`, `researcher_id`, `deliverables`) VALUES (64, 'Title55', 'Explicabo quis aut aperiam.', 746269, '2004-01-26', '2007-02-27', 5, 14, 9, 54, 0);
INSERT INTO `PROJECT` (`project_id`, `title`, `summary`, `funds`, `starting_date`, `ending_date`, `executive_id`, `program_id`, `organization_id`, `researcher_id`, `deliverables`) VALUES (65, 'Title55', 'Explicabo quis aut aperiam.', 746269, '2004-01-26', '2007-02-27', 5, 14, 9, 54, 0);
INSERT INTO `PROJECT` (`project_id`, `title`, `summary`, `funds`, `starting_date`, `ending_date`, `executive_id`, `program_id`, `organization_id`, `researcher_id`, `deliverables`) VALUES (66, 'Title55', 'Explicabo quis aut aperiam.', 746269, '2004-01-26', '2007-02-27', 5, 14, 9, 54, 0);
INSERT INTO `PROJECT` (`project_id`, `title`, `summary`, `funds`, `starting_date`, `ending_date`, `executive_id`, `program_id`, `organization_id`, `researcher_id`, `deliverables`) VALUES (67, 'Title55', 'Explicabo quis aut aperiam.', 746269, '2004-01-26', '2007-02-27', 5, 14, 9, 54, 0);
INSERT INTO `PROJECT` (`project_id`, `title`, `summary`, `funds`, `starting_date`, `ending_date`, `executive_id`, `program_id`, `organization_id`, `researcher_id`, `deliverables`) VALUES (68, 'Title55', 'Explicabo quis aut aperiam.', 746269, '2004-01-26', '2007-02-27', 5, 14, 9, 54, 0);
INSERT INTO `PROJECT` (`project_id`, `title`, `summary`, `funds`, `starting_date`, `ending_date`, `executive_id`, `program_id`, `organization_id`, `researcher_id`, `deliverables`) VALUES (69, 'Title55', 'Explicabo quis aut aperiam.', 746269, '2004-01-26', '2007-02-27', 5, 14, 9, 54, 0);
INSERT INTO `PROJECT` (`project_id`, `title`, `summary`, `funds`, `starting_date`, `ending_date`, `executive_id`, `program_id`, `organization_id`, `researcher_id`, `deliverables`) VALUES (70, 'Title55', 'Explicabo quis aut aperiam.', 746269, '2004-01-26', '2007-02-27', 5, 14, 9, 54, 0);
INSERT INTO `PROJECT` (`project_id`, `title`, `summary`, `funds`, `starting_date`, `ending_date`, `executive_id`, `program_id`, `organization_id`, `researcher_id`, `deliverables`) VALUES (71, 'Title55', 'Explicabo quis aut aperiam.', 746269, '2004-01-26', '2007-02-27', 5, 14, 9, 54, 0);
INSERT INTO `PROJECT` (`project_id`, `title`, `summary`, `funds`, `starting_date`, `ending_date`, `executive_id`, `program_id`, `organization_id`, `researcher_id`, `deliverables`) VALUES (72, 'Title55', 'Explicabo quis aut aperiam.', 746269, '2004-01-26', '2007-02-27', 5, 14, 9, 54, 0);
INSERT INTO `PROJECT` (`project_id`, `title`, `summary`, `funds`, `starting_date`, `ending_date`, `executive_id`, `program_id`, `organization_id`, `researcher_id`, `deliverables`) VALUES (73, 'Title55', 'Explicabo quis aut aperiam.', 746269, '2004-01-26', '2007-02-27', 5, 14, 9, 54, 0);
INSERT INTO `PROJECT` (`project_id`, `title`, `summary`, `funds`, `starting_date`, `ending_date`, `executive_id`, `program_id`, `organization_id`, `researcher_id`, `deliverables`) VALUES (74, 'Title55', 'Explicabo quis aut aperiam.', 746269, '2004-01-26', '2007-02-27', 5, 14, 9, 54, 0);
INSERT INTO `PROJECT` (`project_id`, `title`, `summary`, `funds`, `starting_date`, `ending_date`, `executive_id`, `program_id`, `organization_id`, `researcher_id`, `deliverables`) VALUES (75, 'Title55', 'Explicabo quis aut aperiam.', 746269, '2004-01-26', '2007-02-27', 5, 14, 9, 54, 0);
INSERT INTO `PROJECT` (`project_id`, `title`, `summary`, `funds`, `starting_date`, `ending_date`, `executive_id`, `program_id`, `organization_id`, `researcher_id`, `deliverables`) VALUES (76, 'Title55', 'Explicabo quis aut aperiam.', 746269, '2004-01-26', '2007-02-27', 5, 14, 9, 54, 0);
INSERT INTO `PROJECT` (`project_id`, `title`, `summary`, `funds`, `starting_date`, `ending_date`, `executive_id`, `program_id`, `organization_id`, `researcher_id`, `deliverables`) VALUES (77, 'Title55', 'Explicabo quis aut aperiam.', 746269, '2004-01-26', '2007-02-27', 5, 14, 9, 54, 0);
INSERT INTO `PROJECT` (`project_id`, `title`, `summary`, `funds`, `starting_date`, `ending_date`, `executive_id`, `program_id`, `organization_id`, `researcher_id`, `deliverables`) VALUES (78, 'Title55', 'Explicabo quis aut aperiam.', 746269, '2004-01-26', '2007-02-27', 5, 14, 9, 54, 0);







DELETE FROM EVALUATION WHERE project_id<10000;
INSERT INTO `EVALUATION` (`project_id`, `researcher_id`, `evaluation_date`, `grade`) VALUES (1, 1, '1945-08-26', 5);
INSERT INTO `EVALUATION` (`project_id`, `researcher_id`, `evaluation_date`, `grade`) VALUES (2, 2, '1945-05-25', 5);
INSERT INTO `EVALUATION` (`project_id`, `researcher_id`, `evaluation_date`, `grade`) VALUES (3, 3, '1945-08-23', 3);
INSERT INTO `EVALUATION` (`project_id`, `researcher_id`, `evaluation_date`, `grade`) VALUES (4, 4, '1945-04-05', 5);
INSERT INTO `EVALUATION` (`project_id`, `researcher_id`, `evaluation_date`, `grade`) VALUES (5, 5, '1945-10-22', 9);
INSERT INTO `EVALUATION` (`project_id`, `researcher_id`, `evaluation_date`, `grade`) VALUES (6, 6, '1945-10-21', 2);
INSERT INTO `EVALUATION` (`project_id`, `researcher_id`, `evaluation_date`, `grade`) VALUES (7, 7, '1945-09-15', 4);
INSERT INTO `EVALUATION` (`project_id`, `researcher_id`, `evaluation_date`, `grade`) VALUES (8, 8, '1945-01-22', 9);
INSERT INTO `EVALUATION` (`project_id`, `researcher_id`, `evaluation_date`, `grade`) VALUES (9, 9, '1945-09-16', 7);
INSERT INTO `EVALUATION` (`project_id`, `researcher_id`, `evaluation_date`, `grade`) VALUES (10, 10, '1945-04-23', 8);
INSERT INTO `EVALUATION` (`project_id`, `researcher_id`, `evaluation_date`, `grade`) VALUES (11, 11, '1945-10-02', 5);
INSERT INTO `EVALUATION` (`project_id`, `researcher_id`, `evaluation_date`, `grade`) VALUES (12, 12, '1945-04-07', 6);
INSERT INTO `EVALUATION` (`project_id`, `researcher_id`, `evaluation_date`, `grade`) VALUES (13, 13, '1945-11-06', 1);
INSERT INTO `EVALUATION` (`project_id`, `researcher_id`, `evaluation_date`, `grade`) VALUES (14, 14, '1945-01-13', 4);
INSERT INTO `EVALUATION` (`project_id`, `researcher_id`, `evaluation_date`, `grade`) VALUES (15, 15, '1945-12-01', 4);
INSERT INTO `EVALUATION` (`project_id`, `researcher_id`, `evaluation_date`, `grade`) VALUES (16, 16, '1945-11-17', 7);
INSERT INTO `EVALUATION` (`project_id`, `researcher_id`, `evaluation_date`, `grade`) VALUES (17, 17, '1945-01-30', 3);
INSERT INTO `EVALUATION` (`project_id`, `researcher_id`, `evaluation_date`, `grade`) VALUES (18, 18, '1945-05-26', 8);
INSERT INTO `EVALUATION` (`project_id`, `researcher_id`, `evaluation_date`, `grade`) VALUES (19, 19, '1945-05-01', 6);
INSERT INTO `EVALUATION` (`project_id`, `researcher_id`, `evaluation_date`, `grade`) VALUES (20, 20, '1945-12-26', 2);
INSERT INTO `EVALUATION` (`project_id`, `researcher_id`, `evaluation_date`, `grade`) VALUES (21, 21, '1945-02-08', 5);
INSERT INTO `EVALUATION` (`project_id`, `researcher_id`, `evaluation_date`, `grade`) VALUES (22, 22, '1945-06-02', 1);
INSERT INTO `EVALUATION` (`project_id`, `researcher_id`, `evaluation_date`, `grade`) VALUES (23, 23, '1945-08-12', 2);
INSERT INTO `EVALUATION` (`project_id`, `researcher_id`, `evaluation_date`, `grade`) VALUES (24, 24, '1945-12-05', 1);
INSERT INTO `EVALUATION` (`project_id`, `researcher_id`, `evaluation_date`, `grade`) VALUES (25, 25, '1945-02-05', 3);
INSERT INTO `EVALUATION` (`project_id`, `researcher_id`, `evaluation_date`, `grade`) VALUES (26, 26, '1945-03-28', 3);
INSERT INTO `EVALUATION` (`project_id`, `researcher_id`, `evaluation_date`, `grade`) VALUES (27, 27, '1945-07-06', 5);
INSERT INTO `EVALUATION` (`project_id`, `researcher_id`, `evaluation_date`, `grade`) VALUES (28, 28, '1945-08-18', 3);
INSERT INTO `EVALUATION` (`project_id`, `researcher_id`, `evaluation_date`, `grade`) VALUES (29, 29, '1945-02-06', 9);
INSERT INTO `EVALUATION` (`project_id`, `researcher_id`, `evaluation_date`, `grade`) VALUES (30, 1, '1945-06-14', 9);
INSERT INTO `EVALUATION` (`project_id`, `researcher_id`, `evaluation_date`, `grade`) VALUES (31, 1, '1945-03-19', 2);
INSERT INTO `EVALUATION` (`project_id`, `researcher_id`, `evaluation_date`, `grade`) VALUES (32, 32, '1945-12-22', 7);
INSERT INTO `EVALUATION` (`project_id`, `researcher_id`, `evaluation_date`, `grade`) VALUES (33, 33, '1945-05-19', 7);
INSERT INTO `EVALUATION` (`project_id`, `researcher_id`, `evaluation_date`, `grade`) VALUES (34, 34, '1945-05-05', 3);
INSERT INTO `EVALUATION` (`project_id`, `researcher_id`, `evaluation_date`, `grade`) VALUES (35, 35, '1945-12-30', 4);
INSERT INTO `EVALUATION` (`project_id`, `researcher_id`, `evaluation_date`, `grade`) VALUES (36, 36, '1945-03-22', 4);
INSERT INTO `EVALUATION` (`project_id`, `researcher_id`, `evaluation_date`, `grade`) VALUES (37, 37, '1945-10-21', 5);
INSERT INTO `EVALUATION` (`project_id`, `researcher_id`, `evaluation_date`, `grade`) VALUES (38, 38, '1945-09-05', 8);
INSERT INTO `EVALUATION` (`project_id`, `researcher_id`, `evaluation_date`, `grade`) VALUES (39, 39, '1945-11-30', 7);
INSERT INTO `EVALUATION` (`project_id`, `researcher_id`, `evaluation_date`, `grade`) VALUES (40, 40, '1945-08-09', 4);
INSERT INTO `EVALUATION` (`project_id`, `researcher_id`, `evaluation_date`, `grade`) VALUES (41, 41, '1945-02-09', 7);
INSERT INTO `EVALUATION` (`project_id`, `researcher_id`, `evaluation_date`, `grade`) VALUES (42, 42, '1945-05-02', 3);
INSERT INTO `EVALUATION` (`project_id`, `researcher_id`, `evaluation_date`, `grade`) VALUES (43, 43, '1945-10-12', 2);
INSERT INTO `EVALUATION` (`project_id`, `researcher_id`, `evaluation_date`, `grade`) VALUES (44, 44, '1945-12-25', 3);
INSERT INTO `EVALUATION` (`project_id`, `researcher_id`, `evaluation_date`, `grade`) VALUES (45, 45, '1945-10-07', 1);
INSERT INTO `EVALUATION` (`project_id`, `researcher_id`, `evaluation_date`, `grade`) VALUES (46, 46, '1945-06-14', 7);
INSERT INTO `EVALUATION` (`project_id`, `researcher_id`, `evaluation_date`, `grade`) VALUES (47, 47, '1945-05-17', 2);
INSERT INTO `EVALUATION` (`project_id`, `researcher_id`, `evaluation_date`, `grade`) VALUES (48, 48, '1945-09-30', 4);
INSERT INTO `EVALUATION` (`project_id`, `researcher_id`, `evaluation_date`, `grade`) VALUES (49, 49, '1945-03-12', 6);
INSERT INTO `EVALUATION` (`project_id`, `researcher_id`, `evaluation_date`, `grade`) VALUES (50, 1, '1945-01-07', 2);
INSERT INTO `EVALUATION` (`project_id`, `researcher_id`, `evaluation_date`, `grade`) VALUES (51, 1, '1945-12-14', 9);
INSERT INTO `EVALUATION` (`project_id`, `researcher_id`, `evaluation_date`, `grade`) VALUES (52, 52, '1945-10-30', 6);
INSERT INTO `EVALUATION` (`project_id`, `researcher_id`, `evaluation_date`, `grade`) VALUES (53, 53, '1945-06-27', 6);
INSERT INTO `EVALUATION` (`project_id`, `researcher_id`, `evaluation_date`, `grade`) VALUES (54, 54, '1945-07-13', 2);
INSERT INTO `EVALUATION` (`project_id`, `researcher_id`, `evaluation_date`, `grade`) VALUES (55, 55, '1945-09-08', 7);
INSERT INTO `EVALUATION` (`project_id`, `researcher_id`, `evaluation_date`, `grade`) VALUES (56, 56, '1945-10-30', 8);
INSERT INTO `EVALUATION` (`project_id`, `researcher_id`, `evaluation_date`, `grade`) VALUES (57, 57, '1945-08-05', 1);
INSERT INTO `EVALUATION` (`project_id`, `researcher_id`, `evaluation_date`, `grade`) VALUES (58, 58, '1945-07-11', 7);


DELETE FROM WORKS_ON WHERE project_id<10000;
INSERT INTO `WORKS_ON` (`project_id`, `researcher_id`) VALUES (1, 1);
INSERT INTO `WORKS_ON` (`project_id`, `researcher_id`) VALUES (2, 2);
INSERT INTO `WORKS_ON` (`project_id`, `researcher_id`) VALUES (3, 3);
INSERT INTO `WORKS_ON` (`project_id`, `researcher_id`) VALUES (4, 4);
INSERT INTO `WORKS_ON` (`project_id`, `researcher_id`) VALUES (5, 5);
INSERT INTO `WORKS_ON` (`project_id`, `researcher_id`) VALUES (6, 6);
INSERT INTO `WORKS_ON` (`project_id`, `researcher_id`) VALUES (7, 7);
INSERT INTO `WORKS_ON` (`project_id`, `researcher_id`) VALUES (8, 8);
INSERT INTO `WORKS_ON` (`project_id`, `researcher_id`) VALUES (9, 9);
INSERT INTO `WORKS_ON` (`project_id`, `researcher_id`) VALUES (10, 10);
INSERT INTO `WORKS_ON` (`project_id`, `researcher_id`) VALUES (11, 11);
INSERT INTO `WORKS_ON` (`project_id`, `researcher_id`) VALUES (12, 12);
INSERT INTO `WORKS_ON` (`project_id`, `researcher_id`) VALUES (13, 13);
INSERT INTO `WORKS_ON` (`project_id`, `researcher_id`) VALUES (14, 14);
INSERT INTO `WORKS_ON` (`project_id`, `researcher_id`) VALUES (15, 15);
INSERT INTO `WORKS_ON` (`project_id`, `researcher_id`) VALUES (16, 16);
INSERT INTO `WORKS_ON` (`project_id`, `researcher_id`) VALUES (17, 17);
INSERT INTO `WORKS_ON` (`project_id`, `researcher_id`) VALUES (18, 18);
INSERT INTO `WORKS_ON` (`project_id`, `researcher_id`) VALUES (19, 19);
INSERT INTO `WORKS_ON` (`project_id`, `researcher_id`) VALUES (20, 20);
INSERT INTO `WORKS_ON` (`project_id`, `researcher_id`) VALUES (21, 21);
INSERT INTO `WORKS_ON` (`project_id`, `researcher_id`) VALUES (22, 22);
INSERT INTO `WORKS_ON` (`project_id`, `researcher_id`) VALUES (23, 23);
INSERT INTO `WORKS_ON` (`project_id`, `researcher_id`) VALUES (24, 24);
INSERT INTO `WORKS_ON` (`project_id`, `researcher_id`) VALUES (25, 25);
INSERT INTO `WORKS_ON` (`project_id`, `researcher_id`) VALUES (26, 26);
INSERT INTO `WORKS_ON` (`project_id`, `researcher_id`) VALUES (27, 27);
INSERT INTO `WORKS_ON` (`project_id`, `researcher_id`) VALUES (28, 28);
INSERT INTO `WORKS_ON` (`project_id`, `researcher_id`) VALUES (29, 29);
INSERT INTO `WORKS_ON` (`project_id`, `researcher_id`) VALUES (30, 30);
INSERT INTO `WORKS_ON` (`project_id`, `researcher_id`) VALUES (31, 31);
INSERT INTO `WORKS_ON` (`project_id`, `researcher_id`) VALUES (32, 32);
INSERT INTO `WORKS_ON` (`project_id`, `researcher_id`) VALUES (33, 33);
INSERT INTO `WORKS_ON` (`project_id`, `researcher_id`) VALUES (34, 34);
INSERT INTO `WORKS_ON` (`project_id`, `researcher_id`) VALUES (35, 35);
INSERT INTO `WORKS_ON` (`project_id`, `researcher_id`) VALUES (36, 36);
INSERT INTO `WORKS_ON` (`project_id`, `researcher_id`) VALUES (37, 37);
INSERT INTO `WORKS_ON` (`project_id`, `researcher_id`) VALUES (38, 38);
INSERT INTO `WORKS_ON` (`project_id`, `researcher_id`) VALUES (39, 39);
INSERT INTO `WORKS_ON` (`project_id`, `researcher_id`) VALUES (40, 40);
INSERT INTO `WORKS_ON` (`project_id`, `researcher_id`) VALUES (41, 41);
INSERT INTO `WORKS_ON` (`project_id`, `researcher_id`) VALUES (42, 42);
INSERT INTO `WORKS_ON` (`project_id`, `researcher_id`) VALUES (43, 43);
INSERT INTO `WORKS_ON` (`project_id`, `researcher_id`) VALUES (44, 44);
INSERT INTO `WORKS_ON` (`project_id`, `researcher_id`) VALUES (45, 45);
INSERT INTO `WORKS_ON` (`project_id`, `researcher_id`) VALUES (46, 46);
INSERT INTO `WORKS_ON` (`project_id`, `researcher_id`) VALUES (47, 47);
INSERT INTO `WORKS_ON` (`project_id`, `researcher_id`) VALUES (48, 48);
INSERT INTO `WORKS_ON` (`project_id`, `researcher_id`) VALUES (49, 49);
INSERT INTO `WORKS_ON` (`project_id`, `researcher_id`) VALUES (50, 50);
INSERT INTO `WORKS_ON` (`project_id`, `researcher_id`) VALUES (51, 51);
INSERT INTO `WORKS_ON` (`project_id`, `researcher_id`) VALUES (52, 52);
INSERT INTO `WORKS_ON` (`project_id`, `researcher_id`) VALUES (53, 53);
INSERT INTO `WORKS_ON` (`project_id`, `researcher_id`) VALUES (54, 54);
INSERT INTO `WORKS_ON` (`project_id`, `researcher_id`) VALUES (55, 55);
INSERT INTO `WORKS_ON` (`project_id`, `researcher_id`) VALUES (56, 56);
INSERT INTO `WORKS_ON` (`project_id`, `researcher_id`) VALUES (57, 57);
INSERT INTO `WORKS_ON` (`project_id`, `researcher_id`) VALUES (58, 58);
INSERT INTO `WORKS_ON` (`project_id`, `researcher_id`) VALUES (1, 59);
INSERT INTO `WORKS_ON` (`project_id`, `researcher_id`) VALUES (2, 60);
INSERT INTO `WORKS_ON` (`project_id`, `researcher_id`) VALUES (3, 61);
INSERT INTO `WORKS_ON` (`project_id`, `researcher_id`) VALUES (4, 62);
INSERT INTO `WORKS_ON` (`project_id`, `researcher_id`) VALUES (5, 63);
INSERT INTO `WORKS_ON` (`project_id`, `researcher_id`) VALUES (6, 64);
INSERT INTO `WORKS_ON` (`project_id`, `researcher_id`) VALUES (7, 65);
INSERT INTO `WORKS_ON` (`project_id`, `researcher_id`) VALUES (8, 66);
INSERT INTO `WORKS_ON` (`project_id`, `researcher_id`) VALUES (9, 67);
INSERT INTO `WORKS_ON` (`project_id`, `researcher_id`) VALUES (10, 68);
INSERT INTO `WORKS_ON` (`project_id`, `researcher_id`) VALUES (11, 69);
INSERT INTO `WORKS_ON` (`project_id`, `researcher_id`) VALUES (12, 70);
INSERT INTO `WORKS_ON` (`project_id`, `researcher_id`) VALUES (13, 71);
INSERT INTO `WORKS_ON` (`project_id`, `researcher_id`) VALUES (14, 72);
INSERT INTO `WORKS_ON` (`project_id`, `researcher_id`) VALUES (15, 73);
INSERT INTO `WORKS_ON` (`project_id`, `researcher_id`) VALUES (16, 74);
INSERT INTO `WORKS_ON` (`project_id`, `researcher_id`) VALUES (17, 75);
INSERT INTO `WORKS_ON` (`project_id`, `researcher_id`) VALUES (18, 76);
INSERT INTO `WORKS_ON` (`project_id`, `researcher_id`) VALUES (19, 77);
INSERT INTO `WORKS_ON` (`project_id`, `researcher_id`) VALUES (20, 78);
INSERT INTO `WORKS_ON` (`project_id`, `researcher_id`) VALUES (21, 79);
INSERT INTO `WORKS_ON` (`project_id`, `researcher_id`) VALUES (22, 80);
INSERT INTO `WORKS_ON` (`project_id`, `researcher_id`) VALUES (23, 81);
INSERT INTO `WORKS_ON` (`project_id`, `researcher_id`) VALUES (24, 82);
INSERT INTO `WORKS_ON` (`project_id`, `researcher_id`) VALUES (25, 83);
INSERT INTO `WORKS_ON` (`project_id`, `researcher_id`) VALUES (26, 84);
INSERT INTO `WORKS_ON` (`project_id`, `researcher_id`) VALUES (27, 85);
INSERT INTO `WORKS_ON` (`project_id`, `researcher_id`) VALUES (28, 86);
INSERT INTO `WORKS_ON` (`project_id`, `researcher_id`) VALUES (29, 87);
INSERT INTO `WORKS_ON` (`project_id`, `researcher_id`) VALUES (30, 88);
INSERT INTO `WORKS_ON` (`project_id`, `researcher_id`) VALUES (31, 89);
INSERT INTO `WORKS_ON` (`project_id`, `researcher_id`) VALUES (32, 90);
INSERT INTO `WORKS_ON` (`project_id`, `researcher_id`) VALUES (33, 91);
INSERT INTO `WORKS_ON` (`project_id`, `researcher_id`) VALUES (34, 92);
INSERT INTO `WORKS_ON` (`project_id`, `researcher_id`) VALUES (35, 93);
INSERT INTO `WORKS_ON` (`project_id`, `researcher_id`) VALUES (36, 94);
INSERT INTO `WORKS_ON` (`project_id`, `researcher_id`) VALUES (37, 95);
INSERT INTO `WORKS_ON` (`project_id`, `researcher_id`) VALUES (38, 96);
INSERT INTO `WORKS_ON` (`project_id`, `researcher_id`) VALUES (39, 97);
INSERT INTO `WORKS_ON` (`project_id`, `researcher_id`) VALUES (40, 98);
INSERT INTO `WORKS_ON` (`project_id`, `researcher_id`) VALUES (41, 99);
INSERT INTO `WORKS_ON` (`project_id`, `researcher_id`) VALUES (42, 100);
INSERT INTO `WORKS_ON` (`project_id`, `researcher_id`) VALUES (43, 101);
INSERT INTO `WORKS_ON` (`project_id`, `researcher_id`) VALUES (44, 102);
INSERT INTO `WORKS_ON` (`project_id`, `researcher_id`) VALUES (45, 103);
INSERT INTO `WORKS_ON` (`project_id`, `researcher_id`) VALUES (46, 104);
INSERT INTO `WORKS_ON` (`project_id`, `researcher_id`) VALUES (47, 105);
INSERT INTO `WORKS_ON` (`project_id`, `researcher_id`) VALUES (48, 106);
INSERT INTO `WORKS_ON` (`project_id`, `researcher_id`) VALUES (49, 107);
INSERT INTO `WORKS_ON` (`project_id`, `researcher_id`) VALUES (50, 108);
INSERT INTO `WORKS_ON` (`project_id`, `researcher_id`) VALUES (51, 109);
INSERT INTO `WORKS_ON` (`project_id`, `researcher_id`) VALUES (52, 110);
INSERT INTO `WORKS_ON` (`project_id`, `researcher_id`) VALUES (53, 111);
INSERT INTO `WORKS_ON` (`project_id`, `researcher_id`) VALUES (54, 112);
INSERT INTO `WORKS_ON` (`project_id`, `researcher_id`) VALUES (55, 113);
INSERT INTO `WORKS_ON` (`project_id`, `researcher_id`) VALUES (56, 114);
INSERT INTO `WORKS_ON` (`project_id`, `researcher_id`) VALUES (57, 115);
INSERT INTO `WORKS_ON` (`project_id`, `researcher_id`) VALUES (58, 116);
INSERT INTO `WORKS_ON` (`project_id`, `researcher_id`) VALUES (1, 117);
INSERT INTO `WORKS_ON` (`project_id`, `researcher_id`) VALUES (2, 118);
INSERT INTO `WORKS_ON` (`project_id`, `researcher_id`) VALUES (3, 119);
INSERT INTO `WORKS_ON` (`project_id`, `researcher_id`) VALUES (4, 120);
INSERT INTO `WORKS_ON` (`project_id`, `researcher_id`) VALUES (5, 121);
INSERT INTO `WORKS_ON` (`project_id`, `researcher_id`) VALUES (6, 122);
INSERT INTO `WORKS_ON` (`project_id`, `researcher_id`) VALUES (7, 123);
INSERT INTO `WORKS_ON` (`project_id`, `researcher_id`) VALUES (8, 124);
INSERT INTO `WORKS_ON` (`project_id`, `researcher_id`) VALUES (9, 125);
INSERT INTO `WORKS_ON` (`project_id`, `researcher_id`) VALUES (10, 126);
INSERT INTO `WORKS_ON` (`project_id`, `researcher_id`) VALUES (11, 127);
INSERT INTO `WORKS_ON` (`project_id`, `researcher_id`) VALUES (12, 128);
INSERT INTO `WORKS_ON` (`project_id`, `researcher_id`) VALUES (13, 129);
INSERT INTO `WORKS_ON` (`project_id`, `researcher_id`) VALUES (14, 130);
INSERT INTO `WORKS_ON` (`project_id`, `researcher_id`) VALUES (15, 131);
INSERT INTO `WORKS_ON` (`project_id`, `researcher_id`) VALUES (16, 132);
INSERT INTO `WORKS_ON` (`project_id`, `researcher_id`) VALUES (17, 133);
INSERT INTO `WORKS_ON` (`project_id`, `researcher_id`) VALUES (18, 133);
INSERT INTO `WORKS_ON` (`project_id`, `researcher_id`) VALUES (19, 133);
INSERT INTO `WORKS_ON` (`project_id`, `researcher_id`) VALUES (20, 133);
INSERT INTO `WORKS_ON` (`project_id`, `researcher_id`) VALUES (21, 133);
INSERT INTO `WORKS_ON` (`project_id`, `researcher_id`) VALUES (22, 133);
INSERT INTO `WORKS_ON` (`project_id`, `researcher_id`) VALUES (23, 133);

DELETE FROM DELIVERABLE WHERE project_id<10000;
INSERT INTO `DELIVERABLE` (`deliverable_id`, `summary`, `title`, `submission_date`, `project_id`) VALUES (1, 'Minus consequatur perferendis voluptatem repe', 'Deliverable 1->58', '2023-01-01', 58);
INSERT INTO `DELIVERABLE` (`deliverable_id`, `summary`, `title`, `submission_date`, `project_id`) VALUES (2, 'Maxime temporibus aut eos esse maiores.', 'Title1', '2023-01-01', 58);
INSERT INTO `DELIVERABLE` (`deliverable_id`, `summary`, `title`, `submission_date`, `project_id`) VALUES (3, 'Aut esse ut dolorem id dolor et.', 'Nostrum minima voluptas animi officia dolorem', '2023-01-01', 58);
INSERT INTO `DELIVERABLE` (`deliverable_id`, `summary`, `title`, `submission_date`, `project_id`) VALUES (4, 'Voluptatum adipisci similique iste tenetur cu', 'Quas dicta eum aut recusandae fuga.', '2023-01-07', 57);
INSERT INTO `DELIVERABLE` (`deliverable_id`, `summary`, `title`, `submission_date`, `project_id`) VALUES (5, 'Est qui aut nostrum magnam.', 'Qui eos aut est et odit.', '2023-01-07', 57);
INSERT INTO `DELIVERABLE` (`deliverable_id`, `summary`, `title`, `submission_date`, `project_id`) VALUES (6, 'Enim necessitatibus dolores reiciendis adipis', 'Vel sunt ullam ea ad dolorem.', '2023-01-07', 57);
INSERT INTO `DELIVERABLE` (`deliverable_id`, `summary`, `title`, `submission_date`, `project_id`) VALUES (7, 'Perspiciatis modi temporibus labore qui.', 'Sed eligendi harum et et.', '1976-02-23', 56);
INSERT INTO `DELIVERABLE` (`deliverable_id`, `summary`, `title`, `submission_date`, `project_id`) VALUES (8, 'Quisquam perspiciatis sit exercitationem aute', 'Qui quod dicta mollitia sit dolorem officia d', '1976-12-11', 56);
INSERT INTO `DELIVERABLE` (`deliverable_id`, `summary`, `title`, `submission_date`, `project_id`) VALUES (9, 'Non eos et qui est qui omnis aliquid.', 'Asperiores enim est ducimus voluptatem.', '1976-06-13', 56);
INSERT INTO `DELIVERABLE` (`deliverable_id`, `summary`, `title`, `submission_date`, `project_id`) VALUES (10, 'Vero ut modi ut sunt ea.', 'Rerum facere adipisci rerum non accusantium.', '2023-01-01', 55);
INSERT INTO `DELIVERABLE` (`deliverable_id`, `summary`, `title`, `submission_date`, `project_id`) VALUES (11, 'Laudantium nisi rerum cupiditate officia offi', 'Autem ducimus illo minima consequatur et occa', '2023-01-01', 55);
INSERT INTO `DELIVERABLE` (`deliverable_id`, `summary`, `title`, `submission_date`, `project_id`) VALUES (12, 'Quia sit voluptatum ducimus quod aperiam.', 'At libero illo voluptas labore non.', '2023-01-01', 55);
INSERT INTO `DELIVERABLE` (`deliverable_id`, `summary`, `title`, `submission_date`, `project_id`) VALUES (13, 'Sint accusantium et qui voluptas non et.', 'Suscipit in quam id cumque dolor.', '2005-01-05', 54);
INSERT INTO `DELIVERABLE` (`deliverable_id`, `summary`, `title`, `submission_date`, `project_id`) VALUES (14, 'Ut perferendis qui optio et voluptatem.', 'Sint nulla a et illum ad ut.', '2005-03-25', 54);
INSERT INTO `DELIVERABLE` (`deliverable_id`, `summary`, `title`, `submission_date`, `project_id`) VALUES (15, 'Libero temporibus deserunt voluptate minima i', 'Quae id facere ut maiores vel id.', '2005-01-09', 54);

DELETE FROM REFERS_TO WHERE project_id<10000;
INSERT INTO `REFERS_TO` (`field_id`, `project_id`) VALUES (8, 1);
INSERT INTO `REFERS_TO` (`field_id`, `project_id`) VALUES (7, 2);
INSERT INTO `REFERS_TO` (`field_id`, `project_id`) VALUES (5, 3);
INSERT INTO `REFERS_TO` (`field_id`, `project_id`) VALUES (3, 4);
INSERT INTO `REFERS_TO` (`field_id`, `project_id`) VALUES (7, 5);
INSERT INTO `REFERS_TO` (`field_id`, `project_id`) VALUES (5, 6);
INSERT INTO `REFERS_TO` (`field_id`, `project_id`) VALUES (3, 7);
INSERT INTO `REFERS_TO` (`field_id`, `project_id`) VALUES (7, 8);
INSERT INTO `REFERS_TO` (`field_id`, `project_id`) VALUES (2, 9);
INSERT INTO `REFERS_TO` (`field_id`, `project_id`) VALUES (7, 10);
INSERT INTO `REFERS_TO` (`field_id`, `project_id`) VALUES (7, 11);
INSERT INTO `REFERS_TO` (`field_id`, `project_id`) VALUES (4, 12);
INSERT INTO `REFERS_TO` (`field_id`, `project_id`) VALUES (1, 13);
INSERT INTO `REFERS_TO` (`field_id`, `project_id`) VALUES (1, 14);
INSERT INTO `REFERS_TO` (`field_id`, `project_id`) VALUES (9, 15);
INSERT INTO `REFERS_TO` (`field_id`, `project_id`) VALUES (9, 16);
INSERT INTO `REFERS_TO` (`field_id`, `project_id`) VALUES (3, 17);
INSERT INTO `REFERS_TO` (`field_id`, `project_id`) VALUES (3, 18);
INSERT INTO `REFERS_TO` (`field_id`, `project_id`) VALUES (1, 19);
INSERT INTO `REFERS_TO` (`field_id`, `project_id`) VALUES (11, 20);
INSERT INTO `REFERS_TO` (`field_id`, `project_id`) VALUES (1, 21);
INSERT INTO `REFERS_TO` (`field_id`, `project_id`) VALUES (3, 22);
INSERT INTO `REFERS_TO` (`field_id`, `project_id`) VALUES (4, 23);
INSERT INTO `REFERS_TO` (`field_id`, `project_id`) VALUES (9, 24);
INSERT INTO `REFERS_TO` (`field_id`, `project_id`) VALUES (7, 25);
INSERT INTO `REFERS_TO` (`field_id`, `project_id`) VALUES (7, 26);
INSERT INTO `REFERS_TO` (`field_id`, `project_id`) VALUES (10, 27);
INSERT INTO `REFERS_TO` (`field_id`, `project_id`) VALUES (6, 28);
INSERT INTO `REFERS_TO` (`field_id`, `project_id`) VALUES (2, 29);
INSERT INTO `REFERS_TO` (`field_id`, `project_id`) VALUES (7, 30);
INSERT INTO `REFERS_TO` (`field_id`, `project_id`) VALUES (4, 31);
INSERT INTO `REFERS_TO` (`field_id`, `project_id`) VALUES (1, 32);
INSERT INTO `REFERS_TO` (`field_id`, `project_id`) VALUES (8, 33);
INSERT INTO `REFERS_TO` (`field_id`, `project_id`) VALUES (7, 34);
INSERT INTO `REFERS_TO` (`field_id`, `project_id`) VALUES (3, 35);
INSERT INTO `REFERS_TO` (`field_id`, `project_id`) VALUES (9, 36);
INSERT INTO `REFERS_TO` (`field_id`, `project_id`) VALUES (3, 37);
INSERT INTO `REFERS_TO` (`field_id`, `project_id`) VALUES (3, 38);
INSERT INTO `REFERS_TO` (`field_id`, `project_id`) VALUES (12, 39);
INSERT INTO `REFERS_TO` (`field_id`, `project_id`) VALUES (5, 40);
INSERT INTO `REFERS_TO` (`field_id`, `project_id`) VALUES (5, 41);
INSERT INTO `REFERS_TO` (`field_id`, `project_id`) VALUES (9, 42);
INSERT INTO `REFERS_TO` (`field_id`, `project_id`) VALUES (4, 43);
INSERT INTO `REFERS_TO` (`field_id`, `project_id`) VALUES (15, 44);
INSERT INTO `REFERS_TO` (`field_id`, `project_id`) VALUES (1, 45);
INSERT INTO `REFERS_TO` (`field_id`, `project_id`) VALUES (3, 46);
INSERT INTO `REFERS_TO` (`field_id`, `project_id`) VALUES (2, 47);
INSERT INTO `REFERS_TO` (`field_id`, `project_id`) VALUES (1, 48);
INSERT INTO `REFERS_TO` (`field_id`, `project_id`) VALUES (6, 49);
INSERT INTO `REFERS_TO` (`field_id`, `project_id`) VALUES (1, 50);
INSERT INTO `REFERS_TO` (`field_id`, `project_id`) VALUES (13, 51);
INSERT INTO `REFERS_TO` (`field_id`, `project_id`) VALUES (8, 52);
INSERT INTO `REFERS_TO` (`field_id`, `project_id`) VALUES (14, 53);
INSERT INTO `REFERS_TO` (`field_id`, `project_id`) VALUES (6, 54);
INSERT INTO `REFERS_TO` (`field_id`, `project_id`) VALUES (6, 55);
INSERT INTO `REFERS_TO` (`field_id`, `project_id`) VALUES (13, 56);
INSERT INTO `REFERS_TO` (`field_id`, `project_id`) VALUES (7, 57);
INSERT INTO `REFERS_TO` (`field_id`, `project_id`) VALUES (3, 58);
INSERT INTO `REFERS_TO` (`field_id`, `project_id`) VALUES (14, 1);
INSERT INTO `REFERS_TO` (`field_id`, `project_id`) VALUES (7, 2);
INSERT INTO `REFERS_TO` (`field_id`, `project_id`) VALUES (7, 3);
INSERT INTO `REFERS_TO` (`field_id`, `project_id`) VALUES (1, 4);
INSERT INTO `REFERS_TO` (`field_id`, `project_id`) VALUES (3, 5);
INSERT INTO `REFERS_TO` (`field_id`, `project_id`) VALUES (15, 6);
INSERT INTO `REFERS_TO` (`field_id`, `project_id`) VALUES (1, 7);
INSERT INTO `REFERS_TO` (`field_id`, `project_id`) VALUES (6, 8);
INSERT INTO `REFERS_TO` (`field_id`, `project_id`) VALUES (6, 9);
INSERT INTO `REFERS_TO` (`field_id`, `project_id`) VALUES (4, 10);
INSERT INTO `REFERS_TO` (`field_id`, `project_id`) VALUES (6, 11);
INSERT INTO `REFERS_TO` (`field_id`, `project_id`) VALUES (8, 12);
INSERT INTO `REFERS_TO` (`field_id`, `project_id`) VALUES (8, 13);
INSERT INTO `REFERS_TO` (`field_id`, `project_id`) VALUES (8, 14);
INSERT INTO `REFERS_TO` (`field_id`, `project_id`) VALUES (8, 15);
INSERT INTO `REFERS_TO` (`field_id`, `project_id`) VALUES (3, 16);
INSERT INTO `REFERS_TO` (`field_id`, `project_id`) VALUES (5, 17);
INSERT INTO `REFERS_TO` (`field_id`, `project_id`) VALUES (4, 18);
INSERT INTO `REFERS_TO` (`field_id`, `project_id`) VALUES (1, 19);
INSERT INTO `REFERS_TO` (`field_id`, `project_id`) VALUES (3, 20);
